0, 3.0
2, 4.0
4, 5.0
5, 4.0
9, 5.0
10, 5.0
11, 4.0
17, 5.0
19, 3.0
24, 6.0
26, 3.5
28, 5.0
29, 4.0
30, 3.0
33, 5.0
500, 2.0
503, 1.0
505, 1.0
506, 1.0
510, 1.5
512, 2.0
518, 1.0
519, 2.0
524, 0.0
526, 2.0
527, 0.0
529, 1.0
530, 1.0
531, 1.0
534, 2.0
1001, 1.0
1004, 2.0
1005, 2.0
1007, 1.0
1011, 1.0
1013, 1.0
1018, 1.0
1020, 2.0
1025, 2.0
1027, 1.0
1029, 1.0
1030, 1.0
1031, 1.0
1034, 1.0
1502, 2.0
1505, 2.0
1506, 2.0
1507, 0.0
1511, 1.0
1512, 2.0
1514, 1.0
1520, 2.0
1521, 2.0
1525, 2.0
1527, 1.0
1528, 0.0
1530, 1.0
1531, 1.0
1532, 1.0
1535, 2.0
2002, 14.0
2006, 14.0
2008, 13.0
2011, 16.0
2012, 19.0
2014, 12.0
2020, 15.0
2021, 15.0
2026, 15.0
2028, 14.5
2030, 13.0
2031, 16.0
2032, 17.0
2035, 16.0
2502, 16.0
2506, 17.0
2507, 14.0
2508, 15.0
2512, 16.0
2513, 21.0
2514, 19.0
2520, 14.0
2522, 18.0
2526, 17.0
2528, 17.0
2530, 18.0
2532, 15.0
2535, 20.0
3002, 14.0
3006, 11.0
3007, 10.0
3008, 17.0
3012, 14.0
3013, 17.0
3015, 14.0
3021, 15.0
3022, 14.0
3026, 13.0
3028, 12.0
3029, 14.0
3031, 12.0
3032, 13.0
3036, 18.0
3503, 30.0
3506, 28.0
3507, 31.0
3508, 30.0
3512, 31.0
3513, 32.0
3515, 30.0
3521, 15.0
3522, 29.0
3526, 29.0
3529, 30.0
3531, 27.0
3532, 14.0
3533, 27.0
3536, 31.0
4006, 41.0
4008, 39.0
4017, 43.0
4020, 42.0
4023, 52.0
4028, 46.0
4029, 52.0
4033, 37.0
4034, 46.0
4035, 47.0
4036, 43.0
4038, 50.0
4039, 47.0
4042, 56.0
4046, 45.0
4514, 100.0
4521, 100.0
4524, 100.0
4528, 100.0
4537, 100.0
4541, 100.0
4542, 100.0
4543, 100.0
4545, 100.0
4548, 100.0
4551, 100.0
4553, 100.0
4570, 100.0
4760, 100.0
5015, 72.0
5022, 72.0
5024, 74.0
5028, 72.5
5037, 64.0
5041, 86.0
5042, 71.0
5044, 62.0
5046, 68.5
5048, 45.0
5052, 65.0
5053, 66.0
5070, 67.0
5260, 56.0
5515, 41.0
5522, 40.0
5524, 41.0
5528, 42.0
5529, 47.0
5538, 42.0
5541, 17.0
5542, 14.0
5544, 42.0
5546, 41.5
5549, 55.0
5552, 42.0
5553, 42.0
5570, 42.0
5760, 19.0
6016, 18.0
6022, 19.0
6025, 21.0
6029, 22.0
6038, 23.0
6041, 21.0
6043, 17.0
6045, 24.0
6046, 22.0
6049, 23.0
6052, 19.0
6054, 21.0
6070, 23.0
6291, 56.0
6539, 84.5
6541, 85.0
6548, 92.0
6549, 95.0
6552, 98.0
6554, 89.0
6557, 88.0
6562, 97.0
6570, 89.0
6585, 95.0
6586, 94.0
6599, 85.0
6626, 84.0
6791, 99.0
7044, 100.0
7047, 100.0
7055, 100.0
7066, 100.0
7068, 100.0
7069, 100.0
7072, 100.0
7073, 100.0
7075, 100.0
7099, 100.0
7102, 100.0
7104, 100.0
7116, 100.0
7131, 100.0
7349, 100.0
7552, 100.0
7559, 100.0
7561, 100.0
7564, 100.0
7567, 100.0
7571, 100.0
7575, 100.0
7577, 100.0
7591, 100.0
7599, 100.0
7614, 100.0
7621, 100.0
7629, 100.0
7649, 100.0
7755, 100.0
7859, 100.0
8056, 100.0
8064, 100.0
8065, 100.0
8068, 100.0
8074, 100.0
8075, 100.0
8078, 100.0
8082, 100.0
8096, 100.0
8111, 100.0
8126, 100.0
8146, 100.0
8149, 81.0
8194, 100.0
8255, 74.0
8359, 66.0
8566, 52.0
8572, 52.0
8575, 43.0
8582, 44.0
8584, 43.0
8586, 38.0
8591, 42.0
8593, 37.0
8596, 47.0
8614, 51.0
8637, 45.0
8652, 38.0
8698, 54.0
8763, 63.0
8803, 61.0
8871, 83.0
9075, 100.0
9080, 100.0
9081, 100.0
9082, 100.0
9089, 100.0
9095, 100.0
9102, 100.0
9106, 100.0
9108, 99.0
9122, 100.0
9144, 100.0
9187, 100.0
9198, 100.0
9279, 100.0
9318, 100.0
9383, 100.0
9583, 100.0
9594, 100.0
9595, 100.0
9597, 100.0
9599, 100.0
9607, 100.0
9612, 100.0
9617, 100.0
9634, 100.0
9657, 100.0
9661, 100.0
9698, 100.0
9705, 100.0
9794, 100.0
9833, 100.0
9886, 100.0
10088, 100.0
10104, 100.0
10106, 100.0
10112, 100.0
10122, 100.0
10127, 100.0
10150, 100.0
10199, 100.0
10200, 100.0
10215, 100.0
10242, 100.0
10309, 100.0
10325, 100.0
10338, 100.0
10395, 100.0
10588, 90.0
10606, 79.0
10612, 84.0
10613, 85.0
10619, 77.0
10627, 84.0
10634, 82.0
10650, 70.0
10712, 99.0
10714, 88.0
10728, 94.0
10756, 83.0
10813, 74.0
10825, 72.0
10838, 86.0
10896, 71.0
11090, 79.0
11117, 74.0
11121, 92.0
11126, 80.0
11129, 92.0
11135, 100.0
11140, 87.0
11150, 86.0
11215, 99.0
11235, 100.0
11272, 100.0
11328, 100.0
11339, 95.0
11344, 99.0
11384, 100.0
11411, 100.0
11599, 100.0
11633, 100.0
11638, 100.0
11641, 100.0
11654, 100.0
11655, 100.0
11730, 100.0
11740, 100.0
11827, 100.0
11833, 100.0
11851, 100.0
11859, 100.0
11901, 100.0
11927, 100.0
12107, 100.0
12138, 100.0
12144, 100.0
12146, 100.0
12157, 100.0
12159, 100.0
12161, 100.0
12231, 100.0
12240, 100.0
12354, 100.0
12364, 100.0
12366, 100.0
12419, 100.0
12427, 100.0
12548, 100.0
12608, 100.0
12643, 100.0
12649, 100.0
12657, 100.0
12661, 100.0
12666, 100.0
12671, 100.0
12741, 100.0
12750, 100.0
12857, 86.0
12868, 100.0
12880, 100.0
12882, 100.0
12926, 100.0
12928, 100.0
13062, 83.0
13110, 100.0
13154, 100.0
13159, 100.0
13176, 100.0
13181, 92.0
13245, 98.0
13252, 100.0
13254, 100.0
13333, 96.0
13375, 100.0
13396, 100.0
13397, 100.0
13443, 100.0
13449, 100.0
13566, 100.0
13577, 100.0
13616, 100.0
13659, 100.0
13674, 100.0
13692, 100.0
13699, 100.0
13754, 100.0
13757, 100.0
13763, 100.0
13848, 100.0
13881, 100.0
13902, 100.0
13952, 100.0
13959, 100.0
14067, 100.0
14093, 100.0
14131, 100.0
14165, 100.0
14189, 100.0
14197, 100.0
14210, 100.0
14261, 100.0
14274, 100.0
14364, 100.0
14386, 100.0
14407, 100.0
14470, 100.0
14488, 100.0
14580, 100.0
14598, 100.0
14636, 100.0
14665, 79.0
14711, 100.0
14774, 100.0
14781, 100.0
14790, 100.0
14874, 100.0
14892, 100.0
14894, 100.0
14908, 100.0
14913, 100.0
14978, 100.0
14991, 97.0
15087, 100.0
15114, 100.0
15152, 100.0
15178, 93.0
15228, 100.0
15234, 100.0
15287, 100.0
15300, 100.0
15384, 100.0
15402, 100.0
15409, 100.0
15425, 100.0
15428, 100.0
15486, 100.0
15503, 100.0
15588, 100.0
15658, 100.0
15693, 100.0
15736, 100.0
15752, 100.0
15807, 100.0
15814, 100.0
15842, 100.0
15900, 100.0
15908, 100.0
15915, 100.0
15933, 100.0
15943, 100.0
15986, 100.0
16010, 100.0
16092, 100.0
16152, 100.0
16164, 100.0
16198, 100.0
16247, 100.0
16326, 100.0
16330, 100.0
16357, 100.0
16405, 100.0
16410, 100.0
16413, 100.0
16415, 100.0
16448, 100.0
16449, 100.0
16491, 100.0
16511, 100.0
16597, 100.0
16653, 100.0
16669, 100.0
16701, 100.0
16752, 100.0
16834, 100.0
16845, 100.0
16862, 100.0
16911, 100.0
16916, 100.0
16918, 100.0
16925, 100.0
16964, 100.0
16999, 100.0
17013, 100.0
17102, 100.0
17166, 99.0
17183, 100.0
17219, 100.0
17261, 100.0
17346, 100.0
17350, 100.0
17420, 100.0
17426, 100.0
17428, 100.0
17434, 100.0
17469, 100.0
17479, 100.0
17530, 100.0
17560, 100.0
17608, 100.0
17676, 100.0
17695, 100.0
17772, 100.0
17818, 100.0
17858, 100.0
17866, 100.0
17920, 100.0
17932, 100.0
17941, 100.0
17946, 100.0
17949, 100.0
17984, 100.0
17994, 100.0
18046, 100.0
18066, 100.0
18124, 100.0
18211, 100.0
18232, 100.0
18283, 100.0
18320, 100.0
18374, 100.0
18382, 100.0
18430, 100.0
18437, 100.0
18451, 100.0
18464, 100.0
18490, 100.0
18499, 100.0
18566, 100.0
18583, 100.0
18629, 100.0
18733, 100.0
18738, 100.0
18743, 100.0
18788, 100.0
18825, 100.0
18886, 100.0
18898, 100.0
18935, 100.0
18953, 100.0
18966, 100.0
18980, 100.0
19004, 100.0
19005, 100.0
19091, 100.0
19129, 100.0
19134, 100.0
19243, 100.0
19255, 100.0
19291, 100.0
19331, 100.0
19390, 100.0
19404, 100.0
19436, 100.0
19457, 100.0
19468, 100.0
19486, 100.0
19510, 100.0
19521, 100.0
19599, 100.0
19634, 100.0
19650, 100.0
19694, 100.0
19744, 100.0
19760, 100.0
19795, 100.0
19894, 100.0
19909, 100.0
19957, 100.0
19974, 100.0
19991, 100.0
20026, 100.0
20038, 100.0
20092, 100.0
20146, 100.0
20158, 100.0
20189, 100.0
20199, 100.0
20252, 100.0
20270, 100.0
20271, 100.0
20306, 100.0
20398, 100.0
20424, 100.0
20469, 100.0
20489, 100.0
20506, 100.0
20531, 100.0
20596, 100.0
20652, 100.0
20672, 100.0
20690, 100.0
20705, 100.0
20759, 100.0
20786, 100.0
20789, 100.0
20808, 100.0
20902, 100.0
20918, 100.0
20930, 100.0
20984, 100.0
21005, 100.0
21022, 100.0
21047, 100.0
21111, 100.0
21155, 100.0
21175, 100.0
21209, 100.0
21210, 100.0
21262, 100.0
21300, 100.0
21301, 100.0
21311, 100.0
21408, 100.0
21433, 100.0
21446, 100.0
21505, 100.0
21510, 100.0
21527, 100.0
21556, 100.0
21616, 100.0
21667, 100.0
21717, 100.0
21726, 100.0
21730, 100.0
21771, 100.0
21804, 100.0
21817, 100.0
21823, 100.0
21916, 100.0
21948, 100.0
21951, 100.0
22016, 100.0
22032, 100.0
22051, 100.0
22057, 100.0
22122, 100.0
22170, 100.0
22231, 100.0
22235, 100.0
22241, 100.0
22276, 100.0
22308, 100.0
22332, 100.0
22335, 100.0
22422, 100.0
22449, 100.0
22456, 100.0
22521, 100.0
22547, 100.0
22561, 100.0
22572, 100.0
22622, 100.0
22674, 100.0
22733, 100.0
22742, 100.0
22743, 100.0
22796, 100.0
22828, 100.0
22834, 100.0
22839, 100.0
22934, 100.0
22949, 100.0
22962, 100.0
23031, 100.0
23063, 100.0
23064, 100.0
23087, 100.0
23142, 100.0
23178, 100.0
23242, 100.0
23243, 100.0
23249, 100.0
23312, 100.0
23330, 100.0
23334, 100.0
23344, 100.0
23450, 100.0
23463, 100.0
23464, 100.0
23532, 100.0
23564, 100.0
23577, 100.0
23603, 100.0
23647, 100.0
23678, 100.0
23755, 100.0
23757, 100.0
23758, 100.0
23824, 100.0
23831, 100.0
23838, 100.0
23855, 100.0
23951, 100.0
23965, 100.0
23977, 100.0
24042, 100.0
24080, 100.0
24084, 100.0
24118, 100.0
24162, 100.0
24183, 100.0
24266, 100.0
24271, 100.0
24272, 100.0
24340, 100.0
24341, 100.0
24343, 100.0
24433, 100.0
24458, 100.0
24480, 100.0
24497, 100.0
24581, 100.0
24589, 100.0
24634, 100.0
24653, 100.0
24698, 100.0
24776, 100.0
24778, 100.0
24844, 100.0
24847, 100.0
24849, 100.0
24853, 100.0
24943, 100.0
24972, 100.0
24985, 100.0
25009, 100.0
25097, 100.0
25149, 100.0
25165, 100.0
25213, 100.0
25291, 100.0
25294, 100.0
25348, 100.0
25355, 100.0
25356, 100.0
25370, 100.0
25447, 100.0
25452, 100.0
25462, 100.0
25491, 100.0
25494, 100.0
25525, 100.0
25609, 100.0
25654, 100.0
25670, 100.0
25718, 100.0
25792, 100.0
25809, 100.0
25857, 100.0
25860, 100.0
25870, 100.0
25883, 100.0
25956, 100.0
25962, 100.0
25974, 100.0
25998, 100.0
26006, 100.0
26037, 100.0
26121, 100.0
26159, 100.0
26175, 100.0
26223, 100.0
26307, 100.0
26324, 100.0
26359, 100.0
26386, 100.0
26387, 100.0
26470, 100.0
26479, 100.0
26502, 100.0
26522, 100.0
26549, 100.0
26624, 100.0
26644, 100.0
26675, 100.0
26676, 100.0
26738, 100.0
26810, 100.0
26829, 100.0
26863, 100.0
26891, 100.0
26901, 100.0
26984, 100.0
27006, 100.0
27028, 100.0
27030, 100.0
27053, 100.0
27139, 100.0
27147, 100.0
27180, 100.0
27186, 100.0
27244, 100.0
27314, 100.0
27345, 100.0
27367, 100.0
27394, 100.0
27417, 100.0
27489, 100.0
27533, 100.0
27534, 100.0
27557, 100.0
27650, 100.0
27651, 100.0
27672, 100.0
27692, 100.0
27695, 100.0
27734, 100.0
27759, 100.0
27826, 100.0
27850, 100.0
27879, 100.0
27906, 100.0
27933, 100.0
27990, 100.0
28045, 100.0
28048, 100.0
28069, 100.0
28154, 100.0
28161, 100.0
28188, 100.0
28197, 100.0
28200, 100.0
28245, 100.0
28274, 100.0
28365, 100.0
28391, 100.0
28410, 100.0
28448, 100.0
28502, 100.0
28563, 100.0
28577, 100.0
28602, 100.0
28614, 100.0
28658, 100.0
28664, 100.0
28701, 100.0
28702, 100.0
28705, 100.0
28745, 100.0
28779, 100.0
28870, 100.0
28904, 100.0
28910, 100.0
29006, 100.0
29069, 100.0
29093, 100.0
29103, 100.0
29106, 100.0
29126, 100.0
29162, 100.0
29169, 100.0
29204, 100.0
29208, 100.0
29210, 100.0
29282, 100.0
29295, 100.0
29375, 100.0
29407, 100.0
29414, 100.0
29530, 100.0
29574, 100.0
29606, 100.0
29611, 100.0
29634, 100.0
29666, 100.0
29672, 100.0
29706, 100.0
29713, 100.0
29716, 100.0
29800, 100.0
29898, 100.0
29911, 100.0
29923, 100.0
29949, 100.0
30043, 100.0
30079, 100.0
30109, 100.0
30116, 100.0
30138, 100.0
30144, 100.0
30178, 100.0
30220, 100.0
30221, 100.0
30244, 100.0
30316, 100.0
30321, 100.0
30409, 100.0
30414, 100.0
30445, 100.0
30462, 100.0
30562, 100.0
30585, 100.0
30613, 100.0
30632, 100.0
30654, 100.0
30660, 100.0
30694, 100.0
30727, 100.0
30755, 100.0
30831, 100.0
30835, 100.0
30930, 100.0
30933, 100.0
30957, 100.0
30975, 100.0
31086, 100.0
31128, 100.0
31148, 100.0
31149, 100.0
31166, 100.0
31175, 100.0
31206, 100.0
31242, 100.0
31268, 100.0
31331, 100.0
31341, 100.0
31363, 100.0
31445, 100.0
31469, 100.0
31479, 100.0
31610, 100.0
31634, 100.0
31653, 100.0
31678, 100.0
31682, 100.0
31690, 100.0
31711, 100.0
31757, 100.0
31811, 100.0
31831, 100.0
31856, 100.0
31864, 100.0
31951, 100.0
31981, 100.0
31991, 100.0
32140, 100.0
32159, 100.0
32162, 100.0
32182, 100.0
32186, 100.0
32206, 100.0
32222, 100.0
32273, 100.0
32315, 100.0
32336, 100.0
32366, 100.0
32379, 100.0
32438, 100.0
32456, 100.0
32493, 100.0
32502, 100.0
32644, 100.0
32674, 100.0
32682, 100.0
32690, 100.0
32720, 100.0
32734, 100.0
32787, 100.0
32840, 100.0
32879, 100.0
32880, 100.0
32886, 100.0
32939, 100.0
32961, 100.0
33005, 100.0
33014, 100.0
33148, 100.0
33185, 100.0
33188, 100.0
33195, 100.0
33206, 100.0
33224, 100.0
33246, 100.0
33291, 100.0
33355, 100.0
33385, 100.0
33387, 100.0
33390, 100.0
33453, 100.0
33475, 100.0
33509, 100.0
33527, 100.0
33652, 100.0
33692, 100.0
33696, 100.0
33705, 100.0
33718, 100.0
33729, 100.0
33750, 100.0
33795, 100.0
33869, 100.0
33885, 100.0
33900, 100.0
33904, 100.0
33967, 100.0
33990, 100.0
34021, 100.0
34039, 100.0
34153, 100.0
34201, 100.0
34207, 100.0
34218, 100.0
34233, 100.0
34262, 100.0
34310, 100.0
34383, 100.0
34385, 100.0
34403, 100.0
34409, 100.0
34481, 100.0
34504, 100.0
34533, 100.0
34543, 100.0
34661, 100.0
34712, 100.0
34716, 100.0
34722, 100.0
34729, 100.0
34737, 100.0
34782, 100.0
34824, 100.0
34892, 100.0
34904, 100.0
34923, 100.0
34996, 100.0
35008, 100.0
35033, 100.0
35062, 100.0
35175, 100.0
35216, 100.0
35220, 100.0
35234, 100.0
35241, 100.0
35252, 100.0
35286, 100.0
35338, 100.0
35392, 100.0
35396, 100.0
35424, 100.0
35425, 100.0
35500, 100.0
35522, 100.0
35566, 100.0
35680, 100.0
35724, 100.0
35730, 100.0
35748, 100.0
35754, 100.0
35756, 100.0
35790, 100.0
35805, 100.0
35842, 100.0
35904, 100.0
35911, 100.0
35935, 100.0
35941, 100.0
36004, 100.0
36037, 100.0
36184, 100.0
36208, 100.0
36228, 100.0
36244, 100.0
36250, 100.0
36257, 100.0
36270, 100.0
36291, 100.0
36357, 100.0
36409, 100.0
36415, 100.0
36439, 100.0
36445, 100.0
36518, 100.0
36539, 100.0
36552, 100.0
36688, 100.0
36722, 100.0
36742, 100.0
36753, 100.0
36759, 100.0
36765, 100.0
36785, 100.0
36802, 100.0
36857, 100.0
36928, 100.0
36929, 100.0
36940, 100.0
36950, 100.0
37019, 96.0
37049, 100.0
37053, 100.0
37189, 100.0
37230, 92.0
37243, 100.0
37258, 100.0
37259, 100.0
37265, 72.0
37285, 96.0
37314, 100.0
37361, 100.0
37428, 71.0
37429, 63.0
37440, 81.0
37452, 68.0
37520, 22.0
37550, 66.0
37554, 77.0
37690, 54.0
37731, 50.0
37744, 41.0
37760, 7.0
37762, 100.0
37766, 7.0
37785, 4.0
37815, 20.0
37862, 6.0
37929, 5.0
37930, 34.0
37940, 5.0
37953, 13.0
38020, 61.0
38050, 6.0
38055, 4.0
38190, 5.0
38231, 7.0
38244, 7.0
38260, 6.0
38264, 100.0
38266, 5.0
38286, 34.0
38315, 35.0
38362, 7.0
38430, 6.0
38441, 6.0
38453, 5.0
38529, 18.0
38551, 5.0
38555, 4.0
38690, 4.0
38732, 7.0
38744, 7.0
38761, 36.0
38766, 100.0
38767, 2.0
38787, 7.0
38816, 6.0
38863, 6.0
38931, 4.0
38941, 2.0
38955, 5.0
39029, 22.0
39051, 3.0
39056, 4.0
39191, 2.0
39233, 3.0
39245, 4.0
39261, 5.0
39266, 33.0
39267, 4.0
39288, 3.0
39317, 3.0
39363, 2.0
39431, 4.0
39442, 4.0
39455, 5.0
39530, 3.0
39552, 3.0
39556, 3.0
39691, 3.0
39733, 3.0
39746, 5.0
39761, 5.0
39768, 15.0
39789, 4.0
39817, 4.0
39863, 3.0
39932, 3.5
39942, 4.0
39955, 2.0
40031, 3.0
40052, 4.0
40057, 8.0
40192, 5.0
40233, 3.0
40246, 6.0
40262, 6.0
40269, 18.0
40289, 3.0
40317, 3.0
40364, 6.0
40432, 4.0
40433, 5.0
40443, 6.0
40456, 2.0
40532, 4.0
40553, 5.0
40558, 5.0
40693, 6.0
40734, 3.0
40747, 5.0
40762, 3.0
40769, 5.5
40789, 5.0
40818, 6.0
40865, 3.0
40933, 5.5
40943, 3.0
40956, 4.0
41032, 5.0
41054, 5.0
41059, 4.0
41193, 3.0
41235, 6.0
41248, 3.0
41262, 1.0
41269, 5.0
41274, 30.0
41290, 3.0
41319, 4.0
41365, 3.0
41434, 18.0
41444, 4.0
41456, 5.0
41533, 4.0
41554, 4.0
41559, 4.0
41693, 5.0
41736, 5.0
41748, 4.0
41763, 6.0
41770, 7.0
41774, 10.0
41791, 8.0
41820, 6.0
41870, 22.0
41934, 31.0
41936, 29.0
41944, 32.0
41964, 29.0
42036, 40.0
42059, 60.0
42064, 58.0
42194, 60.0
42236, 33.0
42264, 59.0
42266, 54.0
42271, 63.0
42274, 34.0
42304, 62.0
42320, 72.0
42371, 60.0
42434, 51.0
42437, 28.0
42445, 51.0
42465, 56.0
42537, 45.0
42560, 23.0
42564, 25.0
42694, 25.0
42737, 4.0
42764, 23.0
42767, 28.0
42771, 25.0
42775, 20.0
42805, 17.0
42820, 14.0
42871, 7.0
42935, 4.0
42938, 4.0
42946, 6.0
42966, 5.0
43037, 4.0
43061, 2.0
43065, 4.0
43195, 5.0
43237, 50.0
43265, 3.0
43268, 2.0
43272, 6.0
43275, 3.0
43305, 3.0
43321, 2.0
43372, 4.0
43436, 4.0
43439, 2.0
43447, 4.0
43467, 4.0
43537, 3.0
43561, 3.0
43566, 3.0
43696, 2.0
43738, 2.0
43765, 3.0
43769, 1.0
43773, 5.0
43775, 2.0
43806, 2.0
43821, 1.0
43873, 3.0
43937, 2.0
43939, 2.0
43947, 2.0
43967, 2.0
44038, 2.0
44061, 3.0
44066, 3.0
44196, 2.0
44238, 3.0
44265, 3.0
44269, 3.0
44273, 5.0
44276, 2.0
44307, 2.0
44322, 3.0
44373, 5.0
44437, 4.0
44440, 3.0
44448, 3.0
44467, 5.0
44538, 1.0
44562, 2.0
44567, 3.0
44697, 4.0
44739, 5.0
44766, 5.0
44769, 2.0
44774, 6.0
44777, 4.0
44807, 2.0
44822, 4.0
44874, 5.0
44938, 3.0
44940, 2.0
44949, 5.0
44968, 3.0
45039, 2.0
45062, 3.0
45067, 4.0
45198, 4.0
45240, 6.0
45267, 5.0
45269, 3.0
45274, 6.0
45277, 4.0
45308, 2.0
45322, 6.0
45375, 3.0
45439, 4.0
45441, 4.0
45450, 3.0
45469, 4.0
45539, 3.0
45563, 4.0
45568, 4.0
45699, 5.0
45740, 2.0
45767, 3.0
45770, 3.0
45774, 5.0
45777, 5.0
45808, 5.0
45823, 5.0
45876, 5.0
45939, 2.0
45942, 4.0
45950, 2.0
45970, 2.0
46040, 3.0
46064, 3.0
46069, 3.0
46200, 2.0
46240, 2.0
46268, 3.0
46271, 3.0
46276, 5.0
46278, 4.0
46310, 3.0
46324, 2.0
46377, 3.0
46440, 5.0
46442, 3.0
46452, 4.0
46470, 5.0
46541, 5.0
46564, 6.0
46569, 4.0
46701, 6.0
46741, 5.0
46768, 7.0
46771, 4.0
46776, 9.0
46778, 4.0
46810, 5.0
46824, 4.0
46877, 4.0
46940, 3.0
46942, 3.0
46952, 4.0
46971, 3.0
47041, 5.0
47065, 5.0
47070, 6.0
47201, 6.0
47241, 3.0
47268, 7.0
47272, 6.0
47276, 9.0
47279, 3.0
47310, 7.0
47324, 5.0
47378, 4.0
47441, 7.0
47443, 5.0
47454, 7.0
47471, 9.0
47542, 6.0
47566, 6.0
47570, 7.0
47702, 8.0
47741, 5.0
47769, 5.0
47772, 4.0
47777, 11.0
47780, 7.0
47811, 4.0
47825, 7.0
47878, 7.0
47941, 4.0
47944, 4.0
47954, 7.0
47972, 8.0
48042, 9.0
48066, 8.0
48071, 8.0
48203, 10.0
48242, 10.0
48269, 10.0
48273, 10.0
48277, 12.0
48280, 10.0
48312, 15.0
48326, 9.0
48379, 9.0
48442, 13.0
48444, 12.0
48454, 13.0
48472, 11.0
48543, 11.0
48567, 14.0
48572, 13.0
48703, 17.0
48742, 13.0
48770, 10.0
48774, 9.0
48778, 12.0
48781, 7.0
48813, 9.0
48827, 12.0
48879, 10.0
48942, 4.0
48944, 6.0
48955, 8.0
48973, 6.0
49043, 5.0
49067, 5.0
49072, 7.0
49204, 7.0
49242, 4.0
49270, 5.0
49274, 6.0
49279, 6.0
49281, 3.0
49313, 6.0
49327, 5.0
49380, 3.0
49443, 4.0
49445, 5.0
49455, 3.0
49474, 4.0
49543, 4.0
49568, 4.0
49573, 3.0
49705, 3.0
49744, 2.0
49770, 3.0
49775, 1.0
49780, 3.0
49783, 3.0
49813, 3.0
49827, 1.0
49881, 2.0
49943, 3.0
49945, 3.0
49956, 2.0
49974, 1.0
50044, 4.0
50069, 2.0
50074, 3.0
50206, 3.0
50244, 6.0
50271, 2.0
50275, 5.0
50281, 5.0
50284, 2.0
50313, 3.0
50328, 5.0
50382, 5.0
50444, 4.0
50446, 4.0
50456, 5.0
50475, 3.0
50544, 4.0
50570, 5.0
50575, 4.0
50706, 4.0
50745, 4.0
50771, 5.0
50776, 4.0
50782, 8.0
50784, 4.0
50814, 6.0
50828, 5.0
50882, 5.0
50944, 4.0
50947, 5.0
50957, 6.0
50976, 8.0
51045, 5.0
51071, 3.0
51075, 2.0
51207, 4.0
51245, 5.0
51271, 5.0
51276, 6.0
51283, 9.0
51290, 31.0
51314, 5.0
51329, 6.0
51383, 3.0
51446, 5.0
51448, 36.0
51458, 3.0
51477, 5.0
51546, 4.0
51571, 5.0
51575, 3.0
51708, 3.0
51746, 2.0
51772, 3.0
51777, 2.0
51784, 5.0
51791, 8.0
51815, 4.0
51829, 2.0
51896, 20.0
51949, 4.0
51951, 25.0
51976, 18.0
51985, 41.0
52048, 29.0
52071, 30.0
52089, 54.0
52208, 32.0
52247, 60.0
52272, 60.0
52278, 60.0
52284, 63.0
52292, 33.0
52316, 61.0
52343, 51.0
52396, 54.0
52449, 39.0
52451, 56.0
52476, 62.0
52486, 39.0
52548, 52.0
52571, 52.0
52590, 27.0
52709, 52.0
52747, 25.0
52773, 25.0
52778, 26.0
52785, 28.0
52792, 26.0
52816, 25.0
52843, 32.0
52897, 15.0
52950, 20.0
52952, 8.0
52977, 10.0
52987, 6.0
53049, 7.0
53072, 8.0
53091, 10.0
53209, 6.0
53248, 7.0
53274, 8.0
53279, 7.0
53285, 9.0
53293, 7.0
53316, 8.0
53344, 5.0
53397, 5.0
53450, 7.0
53452, 5.0
53478, 4.0
53487, 5.0
53550, 6.0
53573, 4.0
53591, 4.0
53709, 5.0
53748, 2.0
53775, 3.0
53779, 4.0
53785, 6.0
53793, 2.0
53817, 3.0
53845, 4.0
53898, 2.0
53951, 3.0
53953, 3.0
53978, 3.0
53987, 3.0
54050, 2.0
54074, 2.0
54091, 1.0
54210, 3.0
54249, 3.0
54275, 4.0
54280, 4.0
54286, 4.0
54293, 4.0
54318, 4.0
54346, 3.0
54398, 3.0
54452, 4.0
54453, 4.0
54479, 6.0
54488, 5.0
54550, 6.0
54574, 3.0
54592, 5.0
54711, 6.0
54750, 6.0
54776, 5.0
54780, 5.0
54787, 6.0
54794, 4.0
54818, 4.0
54847, 6.0
54899, 6.0
54953, 5.0
54954, 6.0
54979, 6.0
54989, 4.0
55051, 5.0
55074, 9.0
55093, 4.0
55211, 5.0
55251, 5.0
55277, 6.0
55281, 4.0
55287, 5.0
55295, 5.0
55318, 4.0
55347, 5.0
55400, 4.0
55454, 4.0
55480, 4.0
55489, 6.0
55551, 3.0
55575, 3.0
55594, 3.0
55712, 4.0
55751, 2.0
55778, 2.0
55782, 2.0
55787, 3.0
55795, 2.0
55819, 3.0
55848, 3.0
55900, 3.0
55954, 3.0
55955, 2.0
55980, 2.0
55990, 3.0
56052, 3.0
56075, 2.0
56095, 2.0
56213, 4.0
56252, 5.0
56279, 3.0
56282, 3.0
56288, 5.0
56296, 4.0
56320, 4.0
56349, 3.0
56401, 3.0
56455, 3.0
56456, 3.0
56481, 5.0
56491, 3.0
56552, 6.0
56575, 4.0
56595, 5.0
56713, 3.0
56753, 6.0
56779, 4.0
56783, 4.0
56788, 8.0
56796, 4.0
56820, 6.0
56849, 5.0
56902, 3.0
56956, 5.0
56982, 6.0
56991, 6.0
57053, 4.0
57076, 7.0
57096, 6.0
57213, 6.0
57254, 4.0
57279, 3.0
57284, 5.0
57289, 5.0
57296, 4.0
57321, 4.0
57350, 7.0
57402, 3.0
57456, 4.5
57483, 2.0
57491, 6.0
57554, 4.0
57577, 4.0
57597, 4.0
57713, 3.0
57754, 3.0
57780, 3.0
57785, 2.0
57790, 4.0
57797, 3.0
57821, 2.0
57851, 3.0
57903, 2.0
57956, 2.0
57957, 1.0
57983, 2.0
57992, 2.0
58054, 2.0
58078, 3.0
58098, 2.0
58214, 4.0
58254, 4.0
58280, 2.0
58286, 5.0
58290, 5.0
58298, 4.0
58322, 5.0
58351, 4.0
58403, 4.0
58457, 5.0
58484, 4.0
58492, 4.0
58555, 3.0
58578, 4.0
58598, 5.0
58714, 6.0
58755, 5.0
58781, 4.0
58787, 4.0
58791, 9.0
58798, 6.0
58822, 6.0
58851, 6.0
58903, 4.0
58958, 7.0
58959, 8.0
58985, 4.0
58993, 3.0
59056, 6.0
59079, 5.0
59099, 5.0
59215, 5.0
59255, 4.0
59281, 6.0
59287, 7.0
59292, 6.0
59299, 4.0
59323, 4.0
59352, 3.0
59404, 6.0
59459, 5.0
59485, 6.0
59494, 4.0
59556, 2.0
59580, 3.0
59599, 4.0
59715, 3.0
59756, 1.0
59782, 3.0
59788, 3.0
59793, 4.0
59800, 3.0
59823, 2.0
59853, 3.0
59905, 2.0
59959, 3.0
59960, 2.0
59986, 4.0
59994, 1.0
60057, 1.0
60081, 3.0
60100, 3.0
60216, 4.0
60256, 5.0
60282, 3.0
60288, 3.0
60293, 2.0
60300, 4.0
60324, 3.0
60353, 5.0
60405, 3.0
60460, 4.5
60486, 4.0
60494, 8.0
60558, 6.0
60581, 6.0
60601, 6.0
60716, 5.0
60757, 4.0
60782, 4.0
60788, 5.0
60794, 7.0
60801, 5.0
60824, 6.0
60854, 6.0
60906, 6.0
60961, 5.0
60987, 4.0
60994, 4.0
61059, 5.0
61082, 4.0
61101, 4.0
61217, 5.0
61257, 5.0
61283, 4.0
61288, 6.0
61295, 6.0
61302, 31.0
61324, 3.0
61355, 5.0
61407, 6.0
61461, 36.0
61462, 4.0
61487, 4.0
61495, 5.0
61559, 3.0
61582, 5.0
61602, 5.0
61718, 4.0
61757, 4.0
61783, 3.0
61789, 3.0
61795, 3.0
61803, 8.0
61835, 15.0
61862, 14.0
61908, 29.0
61961, 34.0
61963, 31.0
61989, 41.0
61996, 32.0
62061, 45.0
62086, 49.0
62112, 50.0
62218, 60.0
62258, 31.0
62284, 61.0
62295, 65.0
62303, 37.0
62307, 57.0
62335, 58.0
62369, 66.0
62408, 51.0
62462, 21.0
62464, 50.0
62489, 40.0
62497, 50.0
62562, 36.0
62586, 34.0
62613, 32.0
62719, 25.0
62775, 21.0
62784, 24.0
62796, 27.0
62804, 21.0
62808, 24.0
62836, 15.0
62869, 9.0
62908, 8.0
62963, 7.0
62965, 6.0
62990, 5.0
62998, 7.0
63062, 8.0
63087, 5.0
63114, 5.0
63219, 6.0
63275, 36.0
63284, 6.0
63296, 10.0
63304, 4.0
63309, 5.0
63337, 5.0
63369, 8.0
63409, 6.0
63463, 6.0
63466, 3.0
63490, 5.0
63498, 6.0
63563, 5.0
63588, 5.0
63615, 5.0
63720, 4.0
63776, 2.0
63785, 3.0
63797, 6.0
63805, 2.0
63809, 4.0
63838, 1.0
63869, 5.0
63910, 1.0
63964, 3.0
63966, 4.0
63990, 3.0
63998, 3.0
64064, 3.0
64089, 3.0
64115, 3.0
64221, 2.0
64276, 3.0
64285, 6.0
64298, 6.0
64306, 3.0
64309, 4.0
64338, 7.0
64370, 3.0
64410, 4.0
64464, 5.0
64467, 4.0
64491, 3.0
64499, 3.0
64564, 5.0
64589, 4.0
64616, 3.0
64722, 4.0
64776, 4.0
64785, 4.0
64798, 8.0
64806, 4.0
64809, 8.0
64839, 5.0
64870, 7.0
64910, 6.0
64965, 8.0
64967, 6.0
64992, 4.0
64999, 6.0
65065, 5.0
65090, 7.0
65116, 2.0
65222, 6.0
65277, 6.0
65285, 6.0
65299, 6.0
65306, 5.0
65310, 5.0
65339, 5.0
65370, 7.0
65411, 5.0
65465, 5.0
65467, 3.0
65492, 6.0
65500, 5.0
65565, 3.0
65590, 5.0
65618, 4.0
65722, 1.0
65778, 2.0
65786, 3.0
65800, 2.0
65807, 1.0
65811, 3.0
65839, 2.0
65871, 1.0
65911, 2.0
65966, 1.0
65968, 2.0
65992, 2.0
66000, 1.0
66066, 3.0
66092, 4.0
66118, 3.0
66223, 3.0
66278, 4.0
66287, 3.0
66301, 5.0
66308, 5.0
66312, 5.0
66339, 5.0
66371, 5.0
66412, 2.0
66466, 4.0
66469, 5.0
66493, 4.0
66501, 5.0
66566, 5.0
66592, 3.0
66619, 7.0
66723, 7.0
66778, 8.0
66787, 6.0
66801, 8.0
66809, 5.0
66812, 5.0
66840, 5.0
66872, 9.0
66913, 7.0
66966, 6.0
66970, 6.0
66993, 6.0
67001, 7.0
67067, 4.0
67092, 3.0
67120, 3.0
67224, 4.0
67279, 5.0
67288, 6.0
67302, 8.0
67309, 7.0
67313, 5.0
67340, 5.0
67373, 3.0
67413, 3.0
67467, 4.0
67470, 6.0
67494, 5.0
67502, 2.0
67568, 3.0
67593, 3.0
67620, 4.0
67724, 4.0
67780, 2.0
67788, 3.0
67803, 5.0
67809, 4.0
67813, 2.0
67841, 2.0
67873, 3.0
67914, 2.0
67967, 2.0
67971, 2.0
67995, 0.0
68003, 2.0
68068, 3.0
68093, 2.0
68120, 2.0
68225, 3.0
68280, 4.0
68289, 1.0
68303, 4.0
68310, 2.0
68314, 3.0
68341, 2.0
68374, 2.0
68415, 2.0
68468, 3.0
68472, 3.0
68495, 2.0
68503, 3.0
68568, 3.0
68594, 2.0
68620, 5.0
68725, 3.0
68780, 4.0
68790, 5.0
68804, 9.0
68810, 5.0
68815, 3.0
68841, 5.0
68874, 5.0
68915, 3.0
68968, 7.0
68972, 4.0
68996, 5.0
69003, 6.0
69068, 4.0
69095, 6.0
69121, 5.0
69226, 5.0
69281, 5.0
69291, 7.0
69304, 5.0
69311, 3.0
69316, 3.0
69342, 5.0
69375, 4.0
69415, 6.0
69469, 5.0
69473, 4.0
69496, 5.0
69504, 3.0
69569, 5.0
69595, 2.0
69622, 4.0
69727, 2.0
69781, 2.0
69791, 2.0
69805, 2.0
69812, 2.0
69816, 2.0
69843, 2.0
69876, 3.0
69916, 3.0
69969, 2.0
69973, 4.0
69997, 2.0
70005, 1.0
70070, 3.0
70095, 3.0
70122, 2.0
70228, 1.0
70282, 3.0
70292, 3.0
70306, 3.0
70312, 4.0
70317, 2.0
70344, 3.0
70376, 1.0
70417, 1.0
70469, 3.0
70474, 1.0
70498, 2.0
70506, 3.0
70571, 2.0
70596, 3.0
70623, 6.0
70728, 2.0
70783, 4.0
70793, 4.0
70807, 7.0
70812, 4.0
70817, 4.0
70845, 4.0
70877, 5.0
70918, 6.0
70969, 5.0
70975, 5.0
70999, 5.0
71007, 6.0
71071, 4.0
71097, 6.0
71124, 4.0
71229, 5.0
71284, 6.0
71294, 6.0
71308, 5.0
71313, 30.0
71318, 5.0
71345, 4.0
71378, 4.0
71419, 4.0
71470, 34.0
71475, 7.0
71500, 4.0
71507, 4.0
71572, 3.0
71598, 5.0
71624, 4.0
71730, 3.0
71785, 4.0
71795, 4.0
71808, 5.0
71814, 9.0
71818, 2.0
71846, 2.0
71879, 4.0
71931, 23.0
71971, 5.0
71983, 26.0
72005, 18.0
72026, 25.0
72077, 29.0
72099, 31.0
72127, 59.0
72234, 39.0
72285, 59.0
72296, 59.0
72309, 61.0
72315, 32.0
72318, 59.0
72346, 60.0
72384, 63.0
72431, 56.0
72471, 41.0
72484, 53.0
72505, 63.0
72526, 53.0
72577, 52.0
72599, 51.0
72627, 23.0
72735, 44.0
72786, 26.0
72796, 24.0
72810, 28.0
72815, 24.0
72819, 23.0
72847, 24.0
72884, 19.0
72931, 7.0
72971, 13.0
72984, 9.0
73005, 6.0
73027, 5.0
73078, 7.0
73100, 9.0
73129, 6.0
73235, 5.0
73286, 7.0
73296, 8.0
73310, 7.0
73316, 4.0
73319, 6.0
73347, 7.0
73385, 7.0
73432, 5.0
73473, 8.0
73485, 7.0
73505, 6.0
73527, 5.0
73579, 4.0
73600, 4.0
73630, 5.0
73735, 3.0
73787, 0.0
73797, 2.0
73811, 5.0
73817, 3.0
73820, 2.0
73847, 4.0
73886, 2.0
73933, 3.0
73973, 1.0
73985, 2.0
74006, 3.0
74027, 1.0
74079, 4.0
74101, 2.0
74130, 1.0
74236, 3.0
74288, 2.0
74298, 2.0
74311, 1.0
74317, 2.0
74320, 1.0
74347, 2.0
74386, 4.0
74433, 3.0
74474, 5.0
74485, 2.0
74506, 1.0
74528, 1.0
74580, 5.0
74601, 3.0
74631, 4.0
74737, 4.0
74789, 3.0
74799, 5.0
74812, 6.0
74818, 4.0
74820, 5.0
74848, 2.0
74887, 3.0
74934, 5.0
74974, 5.0
74986, 5.0
75006, 6.0
75028, 7.0
75080, 6.0
75102, 4.0
75131, 4.0
75237, 5.0
75289, 4.0
75299, 3.0
75312, 5.0
75319, 6.0
75320, 4.0
75349, 6.0
75387, 4.0
75434, 5.0
75475, 4.0
75486, 2.0
75507, 3.0
75529, 4.0
75580, 4.0
75603, 3.0
75632, 3.0
75738, 3.0
75789, 2.0
75800, 2.0
75813, 4.0
75820, 2.0
75821, 1.0
75850, 2.0
75888, 2.0
75935, 3.0
75976, 3.0
75987, 3.0
76007, 1.0
76029, 1.0
76081, 3.0
76104, 3.0
76133, 3.0
76239, 3.0
76290, 3.0
76300, 5.0
76314, 3.0
76320, 1.0
76322, 2.0
76350, 3.0
76389, 3.0
76435, 1.0
76476, 3.0
76487, 2.0
76508, 4.0
76530, 4.0
76581, 4.0
76605, 1.0
76633, 3.0
76740, 4.0
76790, 4.0
76800, 3.0
76815, 5.0
76821, 5.0
76822, 5.0
76850, 5.0
76889, 6.0
76936, 5.0
76976, 6.0
76988, 4.0
77009, 6.0
77030, 6.0
77082, 4.0
77105, 5.0
77134, 6.0
77240, 4.0
77291, 4.0
77301, 6.0
77315, 8.0
77322, 5.0
77323, 4.0
77351, 4.0
77390, 3.0
77436, 5.0
77477, 4.0
77488, 5.0
77509, 4.0
77530, 5.0
77583, 3.0
77606, 1.0
77634, 3.0
77741, 3.0
77791, 4.0
77802, 2.0
77816, 4.0
77822, 2.0
77824, 2.0
77851, 4.0
77890, 3.0
77937, 2.0
77977, 3.0
77989, 3.0
78009, 3.0
78031, 1.0
78083, 2.0
78106, 3.0
78135, 3.0
78242, 1.0
78292, 0.0
78303, 4.0
78317, 4.0
78323, 2.0
78325, 3.0
78352, 1.0
78391, 2.0
78437, 2.0
78478, 1.0
78489, 2.0
78510, 2.0
78532, 1.0
78583, 1.0
78607, 1.0
78636, 2.0
78743, 3.0
78793, 2.0
78804, 1.0
78818, 1.0
78823, 2.0
78826, 2.0
78853, 2.0
78891, 1.0
78938, 1.0
78979, 0.0
78990, 1.0
79011, 0.0
79032, 1.0
79084, 1.0
79107, 0.0
79137, 1.0
79243, 1.0
79294, 0.0
79305, 2.0
79319, 2.0
79323, 1.0
79327, 1.0
79354, 2.0
79392, 2.0
79439, 1.0
79479, 1.0
79490, 1.0
79511, 1.0
79533, 1.0
79585, 2.0
79608, 2.0
79638, 1.0
79744, 1.0
79795, 1.0
79806, 1.0
79819, 2.0
79824, 1.0
79828, 2.0
79855, 1.0
79893, 2.0
79940, 2.0
79980, 2.0
79991, 2.0
80012, 1.0
80033, 1.0
80086, 1.0
80108, 1.0
80139, 2.0
80245, 2.0
80295, 1.0
80306, 1.0
80319, 2.0
80324, 1.0
80328, 2.0
80356, 1.0
80394, 1.0
80441, 1.0
80480, 2.0
80491, 1.0
80513, 2.0
80534, 1.0
80586, 1.0
80608, 1.0
80639, 1.0
80746, 1.0
80796, 1.0
80807, 0.0
80819, 1.0
80825, 0.0
80829, 1.0
80857, 1.0
80895, 2.0
80942, 1.0
80981, 1.0
80992, 1.0
81013, 1.0
81035, 1.0
81087, 1.0
81109, 1.0
81140, 1.0
81246, 2.0
81296, 1.0
81308, 2.0
81319, 1.0
81329, 2.0
81339, 27.0
81358, 1.0
81396, 2.0
81443, 1.0
81482, 32.0
81492, 1.0
81514, 1.0
81536, 1.0
81588, 1.0
81610, 2.0
81641, 0.0
81747, 1.0
81796, 2.0
81809, 1.0
81820, 2.0
81830, 1.0
81840, 6.0
81865, 6.0
81954, 22.0
81983, 32.0
81984, 26.0
82007, 36.0
82026, 39.0
82045, 33.0
82102, 36.0
82130, 50.0
82147, 50.0
82247, 58.0
82296, 29.0
82309, 59.0
82321, 63.0
82332, 57.0
82340, 35.0
82366, 65.0
82454, 56.0
82484, 34.5
82507, 43.0
82526, 42.0
82546, 48.0
82604, 45.0
82631, 30.0
82648, 32.0
82748, 23.0
82797, 3.0
82810, 25.0
82821, 23.0
82833, 23.0
82840, 19.0
82867, 16.0
82955, 5.0
82984, 4.0
82985, 4.0
83008, 4.0
83027, 5.0
83047, 3.0
83104, 3.0
83131, 3.0
83149, 2.0
83248, 2.0
83297, 50.0
83311, 2.0
83322, 2.0
83334, 2.0
83341, 2.0
83367, 2.0
83456, 2.0
83485, 1.5
83509, 2.0
83527, 2.0
83548, 1.0
83605, 2.0
83631, 1.0
83650, 1.0
83749, 1.0
83798, 4.0
83812, 1.0
83823, 3.0
83835, 3.0
83842, 1.0
83868, 2.0
83957, 2.0
83986, 2.0
84010, 2.0
84028, 1.0
84048, 1.0
84105, 1.0
84132, 3.0
84151, 2.0
84249, 2.0
84298, 1.0
84312, 2.0
84324, 3.0
84335, 3.0
84342, 1.0
84368, 3.0
84457, 2.0
84486, 1.5
84511, 2.0
84528, 2.0
84548, 2.0
84606, 0.0
84632, 2.0
84652, 2.0
84751, 2.0
84799, 6.0
84812, 2.0
84824, 1.0
84835, 1.0
84842, 1.0
84868, 2.0
84957, 1.0
84987, 1.5
85011, 2.0
85029, 1.0
85048, 2.0
85106, 1.0
85133, 0.0
85152, 1.0
85251, 1.0
85300, 1.0
85312, 1.0
85325, 2.0
85336, 1.0
85343, 1.0
85369, 2.0
85458, 1.0
85488, 1.5
85511, 1.0
85530, 1.0
85550, 1.0
85607, 1.0
85633, 1.0
85653, 1.0
85752, 1.0
85801, 2.0
85813, 1.0
85826, 2.0
85837, 1.0
85844, 1.0
85870, 2.0
85959, 1.0
85989, 1.5
86011, 1.0
86030, 2.0
86051, 1.0
86108, 2.0
86135, 1.0
86154, 0.0
86252, 1.0
86301, 1.0
86314, 1.0
86326, 2.0
86338, 1.0
86345, 1.0
86371, 1.0
86460, 1.0
86489, 2.0
86490, 1.0
86512, 1.0
86531, 1.0
86552, 1.0
86608, 2.0
86635, 0.0
86655, 1.0
86753, 2.0
86802, 2.0
86814, 1.0
86828, 2.0
86838, 1.0
86845, 1.0
86872, 1.0
86960, 2.0
86990, 1.5
87012, 0.0
87032, 1.0
87052, 1.0
87108, 2.0
87136, 1.0
87156, 1.0
87253, 1.0
87302, 2.0
87315, 1.0
87328, 2.0
87339, 1.0
87346, 1.0
87372, 0.0
87460, 2.0
87491, 2.0
87492, 1.0
87513, 0.0
87533, 2.0
87553, 1.0
87609, 1.0
87637, 1.0
87656, 1.0
87754, 2.0
87803, 1.0
87816, 1.0
87829, 1.0
87840, 1.0
87847, 0.0
87873, 1.0
87961, 1.0
87992, 1.0
88013, 2.0
88034, 1.0
88053, 2.0
88110, 1.0
88138, 2.0
88157, 1.0
88255, 1.0
88304, 1.0
88316, 1.0
88329, 1.0
88341, 1.0
88348, 1.0
88373, 2.0
88462, 1.0
88493, 1.5
88514, 1.0
88535, 0.0
88553, 2.0
88610, 2.0
88638, 1.0
88657, 1.0
88755, 1.0
88804, 2.0
88817, 3.0
88829, 2.0
88842, 1.0
88848, 1.0
88874, 3.0
88963, 1.0
88993, 1.0
89015, 2.0
89035, 2.0
89054, 2.0
89111, 0.0
89139, 1.0
89158, 1.0
89255, 1.0
89305, 1.0
89318, 1.0
89330, 2.0
89343, 1.0
89349, 1.0
89375, 2.0
89464, 1.0
89494, 1.0
89515, 1.0
89536, 2.0
89555, 1.0
89611, 1.0
89639, 0.0
89659, 0.0
89755, 1.0
89806, 1.0
89819, 0.0
89831, 2.0
89843, 1.0
89850, 1.0
89875, 2.0
89965, 1.0
89994, 1.0
89995, 2.0
90016, 1.0
90036, 0.0
90055, 0.0
90113, 1.0
90140, 2.0
90159, 1.0
90256, 1.0
90306, 2.0
90319, 1.0
90331, 1.0
90343, 2.0
90351, 1.0
90376, 1.0
90466, 1.0
90496, 1.5
90517, 0.0
90537, 2.0
90556, 2.0
90614, 1.0
90640, 1.0
90660, 1.0
90757, 2.0
90807, 1.0
90820, 2.0
90832, 2.0
90844, 1.0
90852, 1.0
90877, 2.0
90967, 1.0
90996, 1.5
91017, 2.0
91038, 1.0
91057, 1.0
91114, 2.0
91141, 1.0
91161, 2.0
91258, 1.0
91308, 1.0
91321, 1.0
91333, 2.0
91345, 0.0
91358, 28.0
91377, 2.0
91467, 1.0
91497, 17.0
91518, 1.0
91539, 2.0
91558, 1.0
91614, 0.0
91642, 2.0
91661, 1.0
91758, 2.0
91809, 2.0
91821, 1.0
91834, 3.0
91846, 3.0
91859, 38.0
91878, 1.0
91973, 23.0
91997, 2.0
91998, 3.0
92028, 27.0
92046, 17.0
92069, 35.0
92130, 37.0
92143, 30.0
92162, 58.0
92271, 49.0
92309, 58.0
92322, 59.0
92335, 61.0
92346, 59.0
92359, 32.0
92396, 64.0
92473, 57.0
92497, 77.0
92498, 50.0
92529, 52.0
92547, 62.0
92570, 43.0
92631, 41.0
92644, 52.0
92663, 22.0
92771, 31.0
92810, 23.0
92823, 22.0
92835, 24.0
92847, 23.0
92860, 23.0
92896, 12.0
92973, 2.0
92998, 3.0
92999, 5.0
93030, 3.0
93047, 4.0
93070, 3.0
93132, 4.0
93145, 4.0
93164, 2.0
93272, 2.0
93310, 2.0
93324, 1.0
93336, 4.0
93348, 3.0
93361, 1.0
93397, 0.0
93474, 2.0
93499, 2.0
93500, 3.0
93530, 2.0
93548, 2.0
93571, 1.0
93633, 1.0
93646, 2.0
93664, 1.0
93772, 2.0
93811, 2.0
93825, 2.0
93836, 2.0
93848, 1.0
93862, 2.0
93898, 3.0
93975, 1.0
94000, 2.0
94001, 2.0
94031, 1.0
94048, 1.0
94071, 1.0
94134, 1.0
94146, 1.0
94164, 0.0
94274, 0.0
94312, 1.0
94326, 1.0
94337, 2.0
94349, 2.0
94363, 1.0
94398, 1.0
94476, 1.0
94500, 1.0
94501, 2.0
94531, 0.0
94549, 0.0
94571, 1.0
94635, 1.0
94647, 1.0
94665, 2.0
94775, 2.0
94812, 2.0
94826, 1.0
94837, 1.0
94849, 1.0
94864, 2.0
94899, 2.0
94977, 1.0
95000, 2.0
95003, 1.0
95031, 2.0
95050, 2.0
95072, 1.0
95135, 0.0
95147, 1.0
95166, 1.0
95275, 1.0
95313, 1.0
95327, 1.0
95339, 1.0
95350, 1.0
95364, 1.0
95400, 2.0
95478, 1.0
95501, 1.0
95503, 2.0
95532, 1.0
95550, 1.0
95573, 1.0
95636, 1.0
95648, 1.0
95667, 1.0
95776, 1.0
95814, 1.0
95828, 1.0
95839, 2.0
95851, 1.0
95865, 1.0
95900, 1.0
95978, 1.0
96002, 1.0
96004, 1.0
96032, 1.0
96051, 2.0
96073, 0.0
96137, 1.0
96148, 2.0
96167, 2.0
96277, 2.0
96315, 1.0
96328, 2.0
96340, 1.0
96351, 1.0
96365, 1.0
96401, 1.0
96479, 1.0
96503, 2.0
96505, 2.0
96533, 0.0
96551, 1.0
96573, 2.0
96638, 1.0
96648, 1.0
96669, 1.0
96777, 1.0
96815, 1.0
96829, 1.0
96840, 1.0
96852, 1.0
96866, 1.0
96901, 1.0
96980, 0.0
97004, 1.0
97006, 0.0
97034, 2.0
97051, 2.0
97074, 1.0
97139, 0.0
97149, 1.0
97170, 2.0
97278, 1.0
97316, 2.0
97329, 1.0
97341, 1.0
97353, 1.0
97366, 2.0
97402, 0.0
97481, 2.0
97505, 1.0
97506, 2.0
97534, 1.0
97552, 1.0
97575, 1.0
97640, 2.0
97650, 1.0
97670, 1.0
97778, 2.0
97817, 1.0
97830, 0.0
97842, 2.0
97853, 1.0
97867, 1.0
97902, 2.0
97981, 1.0
98005, 1.0
98006, 1.0
98035, 2.0
98053, 1.0
98077, 1.0
98140, 1.0
98150, 1.0
98171, 1.0
98279, 1.0
98317, 0.0
98330, 1.0
98342, 2.0
98354, 1.0
98368, 1.0
98403, 1.0
98482, 1.0
98506, 1.0
98507, 1.0
98536, 1.0
98553, 1.0
98577, 2.0
98641, 2.0
98651, 1.0
98671, 0.0
98779, 2.0
98818, 1.0
98831, 1.0
98843, 2.0
98855, 1.0
98868, 0.0
98904, 1.0
98983, 1.0
99007, 0.0
99008, 2.0
99036, 1.0
99053, 2.0
99078, 1.0
99142, 0.0
99152, 1.0
99172, 1.0
99280, 1.0
99318, 1.0
99331, 1.0
99344, 1.0
99356, 1.0
99369, 1.0
99404, 2.0
99484, 1.0
99508, 1.0
99509, 1.0
99537, 2.0
99554, 1.0
99578, 1.0
99643, 1.0
99653, 1.0
99672, 1.0
99780, 1.0
99819, 0.0
99832, 2.0
99844, 2.0
99856, 2.0
99869, 1.0
99905, 1.0
99985, 1.0
100008, 1.0
100010, 0.0
100037, 0.0
100055, 1.0
100079, 1.0
100144, 1.0
100154, 1.0
100174, 1.0
100281, 1.0
100319, 1.0
100332, 1.0
100345, 2.0
100357, 1.0
100370, 1.0
100406, 1.0
100486, 1.0
100509, 1.0
100511, 2.0
100537, 2.0
100555, 0.0
100580, 1.0
100644, 1.0
100654, 1.0
100675, 1.0
100781, 1.0
100819, 1.0
100833, 1.0
100846, 1.0
100858, 1.0
100871, 1.0
100906, 1.0
100986, 1.0
101009, 1.0
101011, 2.0
101038, 2.0
101056, 1.0
101080, 1.0
101145, 1.0
101155, 1.0
101175, 1.0
101281, 0.0
101320, 1.0
101334, 1.0
101347, 2.0
101358, 2.0
101373, 28.0
101407, 1.0
101487, 1.0
101510, 0.0
101512, 43.0
101538, 1.0
101556, 1.0
101581, 1.0
101646, 0.0
101655, 2.0
101676, 0.0
101782, 2.0
101820, 2.0
101834, 2.0
101848, 2.0
101859, 0.0
101874, 5.0
101908, 3.0
101999, 26.0
102013, 52.0
102015, 19.0
102038, 30.0
102071, 39.0
102084, 34.0
102156, 45.0
102196, 53.0
102209, 52.0
102283, 59.0
102321, 31.0
102334, 58.0
102349, 61.0
102359, 58.0
102374, 33.0
102408, 68.0
102499, 51.0
102514, 22.0
102516, 61.0
102539, 50.0
102572, 41.0
102584, 46.0
102656, 33.0
102697, 25.0
102710, 23.0
102784, 23.0
102822, 3.0
102835, 22.0
102849, 24.0
102859, 26.0
102874, 20.0
102909, 12.0
103000, 3.0
103015, 3.0
103017, 5.0
103040, 5.0
103072, 3.0
103084, 3.0
103157, 3.0
103198, 2.0
103210, 3.0
103285, 3.0
103323, 50.0
103335, 1.0
103350, 0.0
103360, 1.0
103375, 2.0
103409, 1.0
103500, 1.0
103516, 2.0
103517, 3.0
103540, 2.0
103573, 0.0
103585, 3.0
103657, 2.0
103698, 2.0
103711, 3.0
103786, 3.0
103823, 4.0
103836, 3.0
103851, 2.0
103861, 0.0
103876, 3.0
103910, 2.0
104001, 1.0
104016, 1.0
104018, 1.0
104040, 2.0
104074, 1.0
104085, 1.0
104158, 2.0
104199, 1.0
104212, 1.0
104286, 0.0
104324, 1.0
104336, 1.0
104353, 1.0
104362, 1.0
104377, 1.0
104411, 1.0
104501, 1.0
104516, 2.0
104519, 1.0
104541, 1.0
104575, 1.0
104586, 2.0
104659, 1.0
104699, 1.0
104712, 1.0
104787, 1.0
104824, 1.0
104837, 1.0
104853, 2.0
104863, 1.0
104877, 1.0
104911, 0.0
105002, 1.0
105017, 1.0
105019, 2.0
105042, 1.0
105076, 1.0
105086, 1.0
105159, 2.0
105200, 2.0
105212, 1.0
105287, 1.0
105325, 1.0
105338, 1.0
105354, 1.0
105364, 1.0
105379, 0.0
105412, 1.0
105502, 1.0
105518, 0.0
105520, 1.0
105543, 1.0
105577, 1.0
105586, 0.0
105660, 1.0
105700, 2.0
105713, 1.0
105788, 1.0
105825, 1.0
105839, 1.0
105855, 2.0
105864, 1.0
105880, 1.0
105912, 2.0
106003, 0.0
106018, 2.0
106021, 2.0
106043, 1.0
106078, 2.0
106087, 1.0
106160, 1.0
106200, 1.0
106214, 2.0
106288, 1.0
106326, 2.0
106339, 1.0
106356, 1.0
106365, 2.0
106380, 2.0
106413, 1.0
106504, 1.0
106519, 1.0
106522, 1.0
106544, 2.0
106579, 1.0
106588, 1.0
106661, 1.0
106701, 1.0
106715, 1.0
106789, 2.0
106827, 1.0
106840, 1.0
106857, 2.0
106865, 0.0
106880, 1.0
106914, 2.0
107005, 1.0
107019, 2.0
107023, 1.0
107044, 2.0
107080, 1.0
107088, 0.0
107161, 0.0
107202, 0.0
107216, 1.0
107289, 1.0
107328, 1.0
107340, 1.0
107358, 2.0
107366, 1.0
107381, 1.0
107414, 1.0
107505, 1.0
107520, 1.0
107524, 1.0
107544, 2.0
107581, 1.0
107589, 1.0
107662, 0.0
107702, 1.0
107716, 0.0
107790, 1.0
107829, 1.0
107841, 1.0
107858, 2.0
107866, 1.0
107882, 1.0
107915, 2.0
108005, 1.0
108020, 2.0
108024, 1.0
108045, 2.0
108082, 2.0
108089, 1.0
108163, 2.0
108203, 2.0
108217, 1.0
108290, 3.0
108329, 1.0
108341, 2.0
108359, 2.0
108367, 2.0
108384, 1.0
108415, 2.0
108506, 1.0
108521, 2.0
108524, 2.0
108545, 1.0
108582, 2.0
108590, 2.0
108664, 1.0
108703, 1.0
108718, 1.0
108791, 1.0
108830, 1.0
108842, 1.0
108859, 2.0
108868, 1.0
108885, 1.0
108915, 1.0
109006, 1.0
109022, 1.0
109025, 1.0
109046, 1.0
109083, 1.0
109091, 1.0
109165, 1.0
109204, 1.0
109219, 1.0
109291, 1.0
109331, 1.0
109342, 1.0
109360, 1.0
109368, 1.0
109385, 1.0
109416, 0.0
109507, 1.0
109522, 1.0
109526, 1.0
109547, 2.0
109584, 1.0
109592, 2.0
109665, 0.0
109705, 2.0
109719, 1.0
109792, 1.0
109832, 1.0
109842, 0.0
109860, 0.0
109868, 2.0
109886, 2.0
109916, 1.0
110007, 1.0
110023, 1.0
110027, 1.0
110048, 1.0
110084, 0.0
110092, 1.0
110166, 1.0
110206, 1.0
110220, 1.0
110292, 1.0
110332, 1.0
110342, 1.0
110361, 2.0
110369, 2.0
110387, 0.0
110417, 2.0
110507, 0.0
110523, 2.0
110528, 1.0
110548, 1.0
110585, 1.0
110593, 1.0
110667, 1.0
110706, 0.0
110721, 1.0
110794, 0.0
110833, 1.0
110843, 1.0
110861, 2.0
110870, 2.0
110888, 1.0
110917, 1.0
111008, 1.0
111024, 2.0
111029, 1.0
111049, 2.0
111086, 2.0
111093, 2.0
111167, 2.0
111207, 1.0
111222, 1.0
111294, 1.0
111334, 1.0
111344, 1.0
111362, 2.0
111371, 1.0
111389, 30.0
111417, 0.0
111509, 1.0
111525, 32.0
111530, 0.0
111549, 2.0
111587, 1.0
111594, 2.0
111668, 1.0
111707, 1.0
111723, 2.0
111795, 2.0
111834, 1.0
111844, 2.0
111864, 3.0
111871, 3.0
111890, 6.0
111937, 9.0
112026, 16.5
112030, 3.0
112056, 30.0
112096, 22.0
112113, 37.0
112179, 41.0
112207, 58.0
112242, 42.0
112303, 56.0
112335, 59.0
112344, 58.0
112365, 61.0
112371, 58.0
112390, 34.0
112437, 65.0
112527, 47.0
112528, 47.0
112531, 77.0
112557, 50.0
112597, 57.0
112613, 41.0
112680, 40.0
112708, 24.0
112743, 35.0
112803, 25.0
112835, 21.0
112845, 23.0
112865, 28.0
112872, 22.0
112891, 18.0
112938, 12.0
113027, 3.0
113028, 3.0
113032, 5.0
113058, 5.0
113097, 5.0
113114, 3.0
113181, 3.0
113209, 3.0
113243, 2.0
113304, 3.0
113336, 3.0
113345, 4.0
113366, 3.0
113373, 2.0
113391, 3.0
113440, 1.0
113527, 2.0
113529, 2.0
113533, 0.0
113559, 2.0
113598, 2.0
113615, 2.0
113681, 2.0
113709, 2.0
113744, 1.0
113804, 1.0
113836, 2.0
113846, 1.0
113867, 1.0
113874, 2.0
113892, 2.0
113940, 2.0
114028, 1.0
114030, 1.0
114034, 2.0
114060, 1.0
114099, 1.0
114115, 1.0
114182, 1.0
114210, 2.0
114245, 1.0
114305, 1.0
114337, 1.0
114347, 1.0
114367, 2.0
114375, 1.0
114393, 2.0
114441, 2.0
114529, 2.0
114531, 1.0
114534, 1.0
114560, 1.0
114599, 1.0
114616, 1.0
114682, 1.0
114710, 1.0
114745, 0.0
114805, 0.0
114838, 0.0
114847, 2.0
114867, 1.0
114875, 1.0
114894, 1.0
114942, 1.0
115030, 1.0
115031, 0.0
115034, 1.0
115061, 1.0
115100, 1.0
115117, 1.0
115183, 1.0
115210, 1.0
115246, 1.0
115306, 1.0
115338, 2.0
115348, 1.0
115369, 2.0
115375, 1.0
115394, 1.0
115442, 2.0
115530, 1.0
115532, 1.0
115535, 2.0
115561, 0.0
115601, 1.0
115618, 1.0
115684, 1.0
115711, 1.0
115746, 1.0
115806, 1.0
115838, 2.0
115849, 1.0
115870, 2.0
115876, 2.0
115895, 0.0
115943, 1.0
116031, 2.0
116033, 1.0
116035, 2.0
116062, 2.0
116102, 0.0
116119, 2.0
116184, 1.0
116212, 0.0
116247, 1.0
116307, 1.0
116340, 1.0
116349, 1.0
116370, 1.0
116377, 0.0
116395, 1.0
116444, 2.0
116531, 1.0
116533, 1.0
116536, 2.0
116562, 1.0
116603, 2.0
116619, 1.0
116685, 1.0
116713, 2.0
116748, 1.0
116808, 1.0
116840, 2.0
116850, 1.0
116871, 1.0
116878, 1.0
116896, 2.0
116944, 1.0
117032, 1.0
117033, 2.0
117036, 1.0
117063, 1.0
117104, 1.0
117120, 1.0
117186, 1.0
117213, 1.0
117249, 1.0
117308, 1.0
117341, 0.0
117351, 1.0
117371, 0.0
117378, 1.0
117396, 1.0
117445, 1.0
117533, 1.0
117534, 1.0
117536, 1.0
117563, 0.0
117605, 1.0
117621, 1.0
117687, 1.0
117715, 1.0
117750, 1.0
117809, 1.0
117842, 1.0
117851, 1.0
117873, 3.0
117878, 1.0
117897, 0.0
117946, 1.0
118034, 1.0
118037, 1.0
118064, 1.0
118105, 0.0
118121, 0.0
118188, 1.0
118215, 1.0
118250, 1.0
118309, 0.0
118343, 1.0
118352, 1.0
118373, 1.0
118379, 1.0
118398, 1.0
118446, 1.0
118534, 1.0
118535, 1.0
118538, 1.0
118565, 1.0
118606, 1.0
118622, 1.0
118688, 1.0
118716, 1.0
118751, 1.0
118810, 1.0
118843, 1.0
118853, 2.0
118874, 2.0
118880, 1.0
118898, 2.0
118947, 1.0
119035, 1.0
119036, 2.0
119039, 1.0
119066, 1.0
119107, 2.0
119122, 0.0
119188, 0.0
119217, 1.0
119252, 1.0
119310, 2.0
119344, 0.0
119353, 1.0
119375, 1.0
119381, 1.0
119399, 1.0
119447, 1.0
119535, 2.0
119537, 1.0
119540, 1.0
119566, 1.0
119607, 1.0
119623, 2.0
119689, 1.0
119717, 1.0
119752, 1.0
119810, 2.0
119845, 1.0
119854, 1.0
119875, 2.0
119881, 1.0
119900, 0.0
119948, 1.0
120036, 1.0
120038, 1.0
120040, 2.0
120067, 1.0
120107, 2.0
120124, 1.0
120190, 1.0
120219, 1.0
120253, 1.0
120311, 1.0
120346, 1.0
120354, 1.0
120375, 2.0
120382, 1.0
120401, 1.0
120448, 1.0
120537, 2.0
120539, 1.0
120541, 2.0
120568, 0.0
120608, 0.0
120625, 1.0
120690, 1.0
120719, 0.0
120754, 0.0
120812, 1.0
120847, 2.0
120855, 1.0
120876, 2.0
120883, 1.0
120902, 1.0
120949, 2.0
121037, 0.0
121039, 1.0
121042, 1.0
121069, 2.0
121108, 0.0
121126, 1.0
121191, 0.0
121220, 1.0
121255, 1.0
121312, 2.0
121348, 1.0
121355, 1.0
121377, 1.0
121383, 1.0
121402, 29.0
121449, 1.0
121539, 32.0
121540, 1.0
121542, 0.0
121570, 1.0
121609, 1.0
121626, 2.0
121691, 2.0
121720, 1.0
121756, 2.0
121813, 2.0
121849, 1.0
121855, 2.0
121877, 1.0
121884, 1.0
121902, 8.0
121950, 2.0
122039, 33.0
122041, 29.0
122052, 29.0
122086, 37.0
122123, 42.0
122131, 36.0
122221, 59.0
122223, 51.0
122257, 59.0
122314, 59.0
122350, 31.0
122356, 58.0
122377, 64.0
122384, 62.0
122402, 35.0
122450, 74.0
122540, 21.0
122541, 50.0
122553, 49.0
122587, 42.0
122623, 39.0
122632, 43.0
122721, 24.0
122723, 26.0
122758, 23.0
122814, 23.0
122850, 2.0
122856, 21.0
122878, 23.0
122885, 18.0
122903, 17.0
122950, 5.0
123041, 2.0
123042, 4.0
123054, 2.0
123088, 3.0
123124, 3.0
123133, 2.0
123221, 1.0
123224, 4.0
123259, 4.0
123315, 2.0
123351, 47.0
123357, 2.0
123379, 3.0
123386, 1.0
123403, 2.0
123451, 3.0
123542, 1.5
123555, 2.0
123589, 2.0
123625, 2.0
123633, 1.0
123722, 3.0
123725, 2.0
123760, 2.0
123815, 2.0
123852, 3.0
123857, 1.0
123880, 4.0
123886, 3.0
123904, 1.0
123952, 1.0
124043, 1.0
124044, 2.0
124056, 1.0
124089, 1.0
124125, 1.0
124133, 2.0
124222, 1.0
124226, 2.0
124260, 1.0
124316, 2.0
124353, 1.0
124358, 1.0
124380, 2.0
124387, 1.0
124404, 0.0
124452, 1.0
124544, 1.0
124556, 1.0
124589, 0.0
124626, 2.0
124634, 1.0
124723, 1.0
124727, 1.0
124761, 1.0
124817, 2.0
124854, 2.0
124859, 2.0
124881, 1.0
124887, 1.0
124905, 1.0
124953, 1.0
125045, 1.0
125057, 2.0
125090, 2.0
125127, 0.0
125135, 1.0
125224, 1.0
125228, 1.0
125262, 1.0
125318, 1.0
125354, 1.0
125360, 1.0
125382, 1.0
125388, 0.0
125405, 1.0
125453, 1.0
125546, 1.0
125557, 1.0
125590, 1.0
125628, 0.0
125637, 1.0
125724, 1.0
125729, 1.0
125763, 2.0
125819, 0.0
125855, 2.0
125860, 1.0
125883, 2.0
125889, 2.0
125906, 0.0
125954, 2.0
126047, 1.5
126058, 2.0
126091, 1.0
126128, 1.0
126138, 1.0
126225, 1.0
126230, 1.0
126264, 2.0
126319, 1.0
126356, 1.0
126361, 1.0
126384, 2.0
126390, 1.0
126406, 1.0
126455, 1.0
126547, 1.0
126548, 1.0
126559, 1.0
126591, 1.0
126629, 1.0
126638, 1.0
126726, 1.0
126730, 2.0
126765, 0.0
126819, 2.0
126857, 1.0
126861, 1.0
126885, 1.0
126891, 1.0
126906, 2.0
126955, 1.0
127048, 1.0
127059, 2.0
127092, 1.0
127129, 1.0
127138, 1.0
127226, 1.0
127230, 1.0
127265, 2.0
127320, 1.0
127357, 2.0
127362, 1.0
127386, 2.0
127392, 1.0
127407, 1.0
127455, 1.0
127549, 1.0
127559, 1.0
127593, 1.0
127630, 1.0
127639, 0.0
127727, 1.0
127732, 2.0
127765, 2.0
127821, 2.0
127858, 2.0
127863, 1.0
127886, 2.0
127893, 1.0
127908, 1.0
127956, 1.0
128050, 0.5
128060, 1.0
128094, 1.0
128131, 1.0
128139, 1.0
128227, 1.0
128232, 1.0
128265, 2.0
128321, 1.0
128358, 2.0
128363, 1.0
128387, 2.0
128394, 1.0
128408, 1.0
128457, 1.0
128550, 1.0
128560, 1.0
128595, 1.0
128632, 1.0
128640, 1.0
128728, 1.0
128733, 1.0
128766, 0.0
128821, 1.0
128859, 1.0
128864, 1.0
128888, 1.0
128895, 1.0
128909, 1.0
128957, 2.0
129051, 1.0
129052, 2.0
129062, 1.0
129096, 1.0
129132, 3.0
129140, 3.0
129229, 1.0
129233, 2.0
129267, 1.0
129321, 1.0
129360, 2.0
129365, 1.0
129388, 1.0
129395, 1.0
129410, 1.0
129458, 1.0
129551, 1.0
129552, 1.0
129562, 1.0
129596, 1.0
129633, 0.0
129641, 0.0
129729, 1.0
129733, 2.0
129767, 2.0
129822, 1.0
129860, 2.0
129866, 1.0
129889, 1.0
129896, 1.0
129911, 1.0
129958, 1.0
130052, 0.0
130053, 2.0
130063, 1.0
130097, 2.0
130134, 2.0
130141, 1.0
130229, 1.0
130234, 2.0
130268, 0.0
130322, 0.0
130360, 1.0
130367, 1.0
130390, 1.0
130396, 1.0
130411, 1.0
130459, 0.0
130553, 1.0
130563, 1.0
130597, 1.0
130635, 2.0
130642, 1.0
130730, 1.0
130734, 1.0
130769, 1.0
130823, 1.0
130861, 1.0
130867, 1.0
130891, 2.0
130897, 2.0
130912, 1.0
130960, 1.0
131054, 1.5
131064, 1.0
131097, 1.0
131136, 0.0
131142, 1.0
131231, 1.0
131235, 0.0
131269, 2.0
131323, 1.0
131362, 1.0
131368, 1.0
131392, 1.0
131398, 1.0
131413, 28.0
131460, 1.0
131555, 17.0
131564, 1.0
131598, 1.0
131636, 2.0
131643, 2.0
131731, 2.0
131736, 1.0
131770, 2.0
131824, 2.0
131862, 1.0
131868, 1.0
131892, 2.0
131899, 2.0
131913, 7.0
132055, 3.0
132062, 30.0
132065, 2.0
132111, 28.0
132148, 29.0
132154, 36.0
132155, 30.0
132231, 59.0
132244, 48.0
132276, 48.0
132324, 59.0
132363, 59.0
132369, 59.0
132393, 62.0
132399, 59.0
132414, 30.0
132556, 49.0
132563, 51.0
132565, 77.0
132612, 50.0
132650, 49.0
132655, 44.0
132656, 39.0
132732, 21.0
132745, 34.0
132777, 32.0
132824, 23.0
132863, 22.0
132869, 22.0
132893, 27.0
132900, 23.0
132914, 21.0
133057, 3.0
133063, 5.0
133066, 5.0
133112, 4.0
133151, 4.0
133156, 3.0
133157, 4.0
133232, 1.0
133246, 2.0
133277, 3.0
133325, 3.0
133364, 2.0
133370, 2.0
133394, 1.0
133400, 2.0
133415, 2.0
133558, 2.0
133564, 1.0
133567, 2.0
133613, 0.0
133651, 0.0
133656, 2.0
133658, 1.0
133733, 1.0
133747, 1.0
133778, 1.0
133826, 1.0
133864, 2.0
133871, 1.0
133895, 1.0
133902, 1.0
133915, 1.0
134059, 1.0
134064, 1.0
134068, 1.0
134114, 1.0
134151, 2.0
134157, 1.0
134159, 1.0
134233, 1.0
134247, 1.0
134279, 2.0
134326, 1.0
134364, 2.0
134371, 2.0
134396, 2.0
134402, 0.0
134416, 0.0
134559, 1.0
134565, 1.0
134569, 1.0
134615, 2.0
134652, 2.0
134657, 1.0
134660, 1.0
134734, 1.0
134747, 1.0
134779, 0.0
134827, 1.0
134865, 0.0
134872, 1.0
134897, 2.0
134902, 1.0
134916, 1.0
135059, 2.0
135066, 2.0
135070, 2.0
135116, 1.0
135153, 1.0
135158, 2.0
135160, 1.0
135235, 1.0
135248, 1.0
135280, 1.0
135329, 1.0
135365, 1.0
135373, 1.0
135397, 1.0
135403, 1.0
135417, 1.0
135560, 1.0
135567, 1.0
135570, 1.0
135616, 1.0
135653, 1.0
135659, 0.0
135661, 1.0
135736, 2.0
135749, 1.0
135780, 1.0
135829, 1.0
135865, 0.0
135874, 1.0
135898, 1.0
135903, 1.0
135918, 1.0
136060, 0.0
136068, 2.0
136071, 1.0
136117, 1.0
136154, 1.0
136160, 1.0
136162, 2.0
136237, 2.0
136250, 1.0
136281, 1.0
136329, 1.0
136366, 2.0
136374, 2.0
136398, 1.0
136404, 1.0
136418, 1.0
136561, 1.0
136568, 1.0
136571, 1.0
136617, 2.0
136655, 1.0
136660, 0.0
136663, 1.0
136738, 1.0
136750, 1.0
136782, 1.0
136829, 0.0
136867, 1.0
136875, 1.0
136899, 1.0
136905, 1.0
136919, 2.0
137062, 1.0
137069, 0.0
137072, 1.0
137118, 1.0
137155, 1.0
137160, 1.0
137163, 1.0
137239, 1.0
137250, 0.0
137282, 1.0
137330, 2.0
137368, 0.0
137375, 1.0
137399, 1.0
137406, 2.0
137419, 2.0
137563, 1.0
137570, 1.0
137573, 1.0
137618, 1.0
137656, 1.0
137661, 1.0
137664, 1.0
137740, 1.0
137751, 1.0
137783, 0.0
137831, 2.0
137869, 1.0
137876, 1.0
137900, 2.0
137906, 2.0
137919, 0.0
138064, 1.0
138070, 1.0
138074, 1.0
138119, 2.0
138156, 1.0
138161, 2.0
138164, 1.0
138241, 2.0
138252, 2.0
138284, 1.0
138331, 2.0
138370, 1.0
138377, 2.0
138400, 1.0
138407, 1.0
138419, 1.0
138565, 1.0
138571, 1.0
138574, 1.0
138619, 2.0
138657, 1.0
138662, 2.0
138665, 1.0
138741, 1.0
138752, 2.0
138784, 2.0
138831, 0.0
138870, 1.0
138877, 1.0
138901, 2.0
138908, 2.0
138920, 1.0
139066, 0.0
139072, 1.0
139075, 2.0
139119, 1.0
139157, 1.0
139163, 1.0
139166, 0.0
139241, 1.0
139253, 1.0
139285, 1.0
139332, 1.0
139371, 1.0
139378, 1.0
139402, 1.0
139409, 1.0
139420, 2.0
139566, 1.0
139573, 0.0
139575, 1.0
139620, 1.0
139658, 1.0
139664, 1.0
139666, 1.0
139743, 1.0
139754, 0.0
139786, 1.0
139833, 2.0
139871, 2.0
139878, 1.0
139903, 1.0
139909, 1.0
139920, 1.0
140067, 2.0
140074, 1.0
140076, 2.0
140121, 2.0
140159, 1.0
140165, 0.0
140167, 1.0
140243, 1.0
140255, 1.0
140287, 1.0
140334, 1.0
140372, 1.0
140379, 1.0
140403, 2.0
140410, 1.0
140420, 1.0
140568, 0.0
140575, 0.0
140576, 1.0
140622, 1.0
140659, 2.0
140665, 1.0
140668, 1.0
140744, 1.0
140756, 1.0
140787, 1.0
140834, 2.0
140872, 1.0
140879, 1.0
140904, 1.0
140911, 1.0
140921, 1.0
141069, 2.0
141076, 2.0
141077, 1.0
141122, 1.0
141159, 2.0
141166, 1.0
141168, 1.0
141245, 2.0
141256, 1.0
141288, 1.0
141336, 0.0
141373, 0.0
141380, 1.0
141404, 2.0
141412, 1.0
141422, 22.0
141569, 23.0
141576, 1.0
141578, 1.0
141623, 2.0
141660, 2.0
141666, 1.0
141669, 2.0
141747, 1.0
141757, 2.0
141788, 2.0
141836, 1.0
141881, 5.0
141886, 11.0
141913, 1.0
141921, 15.0
141923, 2.0
142070, 25.0
142076, 43.0
142078, 42.0
142124, 43.0
142160, 43.0
142167, 43.0
142170, 43.0
142247, 56.0
142257, 55.0
142289, 60.0
142337, 62.0
142382, 58.0
142387, 13.0
142413, 63.0
142421, 52.0
142423, 40.0
142570, 23.0
142576, 22.0
142578, 25.0
142624, 21.0
142660, 23.0
142668, 20.0
142671, 23.0
142748, 12.0
142757, 11.0
142790, 3.0
142838, 5.0
142882, 4.0
142888, 41.0
142914, 5.0
142921, 4.0
142924, 4.0
143071, 2.0
143077, 2.0
143078, 3.0
143125, 2.0
143161, 2.0
143168, 3.0
143172, 3.0
143248, 2.0
143257, 3.0
143290, 3.0
143339, 3.0
143383, 2.0
143389, 5.0
143415, 3.0
143422, 3.0
143425, 3.0
143571, 2.0
143578, 2.0
143579, 2.0
143626, 3.0
143661, 2.0
143669, 2.0
143673, 2.0
143749, 3.0
143758, 2.0
143791, 3.0
143840, 2.0
143883, 3.0
143890, 1.0
143915, 2.0
143923, 2.0
143926, 1.0
144072, 2.0
144078, 1.0
144080, 1.0
144126, 1.0
144162, 2.0
144169, 2.0
144174, 3.0
144250, 6.0
144258, 8.0
144291, 5.0
144340, 6.0
144383, 7.0
144390, 5.0
144415, 5.0
144423, 6.0
144427, 7.0
144572, 9.0
144579, 9.0
144580, 8.0
144627, 6.0
144662, 4.0
144670, 6.0
144674, 6.0
144750, 3.0
144759, 4.0
144791, 2.0
144841, 3.0
144884, 1.0
