0, 1.0
2, 2.0
4, 1.0
5, 2.0
9, 2.0
10, 0.0
11, 2.0
17, 1.0
19, 1.0
24, 2.0
26, 2.0
28, 2.0
29, 2.0
30, 1.0
33, 3.0
500, 1.0
503, 0.0
505, 0.0
506, 1.0
510, 0.5
512, 0.0
518, 1.0
519, 1.0
524, 0.0
526, 1.0
527, 0.0
529, 1.0
530, 0.0
531, 0.0
534, 0.0
1001, 0.0
1004, 1.0
1005, 0.0
1007, 0.0
1011, 0.5
1013, 0.0
1018, 0.0
1020, 0.0
1025, 1.0
1027, 0.0
1029, 1.0
1030, 1.0
1031, 0.0
1034, 0.0
1502, 1.0
1505, 1.0
1506, 1.0
1507, 0.0
1511, 0.0
1512, 1.0
1514, 1.0
1520, 0.0
1521, 0.0
1525, 1.0
1527, 1.0
1528, 0.0
1530, 1.0
1531, 1.0
1532, 1.0
1535, 1.0
2002, 7.0
2006, 5.5
2008, 5.0
2011, 6.0
2012, 6.0
2014, 4.0
2020, 6.0
2021, 6.0
2026, 6.0
2028, 5.5
2030, 5.0
2031, 7.0
2032, 6.0
2035, 7.0
2502, 5.0
2506, 5.0
2507, 5.0
2508, 5.0
2512, 5.0
2513, 8.0
2514, 6.0
2520, 5.0
2522, 6.0
2526, 6.0
2528, 5.5
2530, 6.0
2532, 6.0
2535, 6.0
3002, 5.0
3006, 4.0
3007, 4.0
3008, 7.0
3012, 6.0
3013, 6.0
3015, 7.0
3021, 5.0
3022, 3.0
3026, 5.0
3028, 3.0
3029, 4.0
3031, 5.0
3032, 5.0
3036, 7.0
3503, 6.0
3506, 5.0
3507, 6.0
3508, 6.0
3512, 7.0
3513, 6.0
3515, 6.0
3521, 5.0
3522, 7.0
3526, 5.0
3529, 5.5
3531, 4.0
3532, 5.0
3533, 5.0
3536, 6.0
4006, 7.0
4008, 5.0
4017, 6.0
4020, 6.0
4023, 5.0
4028, 4.0
4029, 6.0
4033, 5.0
4034, 6.0
4035, 8.0
4036, 4.0
4038, 5.5
4039, 6.0
4042, 5.0
4046, 7.0
4514, 2.0
4521, 2.0
4524, 2.0
4528, 1.5
4537, 1.0
4541, 2.0
4542, 2.0
4543, 2.0
4545, 0.5
4548, 1.0
4551, 2.0
4553, 2.0
4570, 1.0
4760, 1.0
5015, 1.0
5022, 2.0
5024, 2.0
5028, 3.0
5037, 3.0
5041, 1.0
5042, 3.0
5044, 3.0
5046, 3.0
5048, 4.0
5052, 3.0
5053, 5.0
5070, 3.0
5260, 3.0
5515, 4.0
5522, 5.0
5524, 5.0
5528, 4.0
5529, 5.0
5538, 6.0
5541, 5.0
5542, 5.0
5544, 5.0
5546, 5.0
5549, 4.0
5552, 6.0
5553, 5.0
5570, 4.0
5760, 6.0
6016, 9.0
6022, 7.0
6025, 8.0
6029, 9.0
6038, 8.0
6041, 7.0
6043, 7.0
6045, 7.0
6046, 7.5
6049, 9.0
6052, 7.0
6054, 8.0
6070, 6.0
6291, 7.0
6539, 4.5
6541, 5.0
6548, 4.0
6549, 3.0
6552, 3.0
6554, 3.0
6557, 4.5
6562, 3.0
6570, 4.0
6585, 4.0
6586, 5.0
6599, 3.0
6626, 5.0
6791, 2.0
7044, 1.0
7047, 1.0
7055, 1.5
7066, 1.0
7068, 2.0
7069, 0.0
7072, 1.0
7073, 1.0
7075, 0.0
7099, 1.0
7102, 1.0
7104, 2.0
7116, 3.0
7131, 0.0
7349, 0.0
7552, 0.0
7559, 0.0
7561, 1.0
7564, 1.0
7567, 0.0
7571, 0.0
7575, 0.0
7577, 0.0
7591, 0.0
7599, 0.0
7614, 0.0
7621, 0.0
7629, 0.0
7649, 0.0
7755, 1.0
7859, 0.0
8056, 0.0
8064, 1.0
8065, 0.0
8068, 1.0
8074, 0.0
8075, 0.0
8078, 0.0
8082, 0.0
8096, 0.0
8111, 0.0
8126, 1.0
8146, 0.0
8149, 1.0
8194, 1.0
8255, 2.0
8359, 4.0
8566, 6.0
8572, 5.0
8575, 5.0
8582, 7.0
8584, 6.0
8586, 8.0
8591, 7.0
8593, 5.0
8596, 5.0
8614, 6.0
8637, 5.0
8652, 5.0
8698, 7.0
8763, 6.0
8803, 5.0
8871, 3.0
9075, 2.0
9080, 2.0
9081, 3.0
9082, 3.0
9089, 2.0
9095, 3.0
9102, 3.0
9106, 3.0
9108, 3.0
9122, 2.0
9144, 3.0
9187, 3.0
9198, 3.0
9279, 3.0
9318, 3.0
9383, 4.0
9583, 1.0
9594, 1.0
9595, 1.0
9597, 2.0
9599, 2.0
9607, 0.0
9612, 3.0
9617, 2.0
9634, 1.0
9657, 2.0
9661, 3.0
9698, 2.0
9705, 1.0
9794, 1.0
9833, 1.0
9886, 0.0
10088, 1.0
10104, 0.0
10106, 0.0
10112, 0.0
10122, 0.0
10127, 0.0
10150, 0.0
10199, 1.0
10200, 1.0
10215, 3.0
10242, 1.0
10309, 0.0
10325, 0.0
10338, 1.0
10395, 1.0
10588, 1.0
10606, 3.0
10612, 3.0
10613, 2.0
10619, 1.0
10627, 3.0
10634, 3.0
10650, 3.0
10712, 1.0
10714, 2.0
10728, 3.0
10756, 2.0
10813, 3.0
10825, 3.0
10838, 3.0
10896, 3.0
11090, 4.0
11117, 2.0
11121, 1.0
11126, 2.0
11129, 1.0
11135, 0.0
11140, 1.0
11150, 1.0
11215, 0.0
11235, 1.0
11272, 0.0
11328, 1.0
11339, 2.0
11344, 1.0
11384, 1.0
11411, 1.0
11599, 0.0
11633, 1.0
11638, 0.0
11641, 0.0
11654, 0.0
11655, 1.0
11730, 2.0
11740, 0.0
11827, 0.0
11833, 0.0
11851, 0.5
11859, 0.0
11901, 1.0
11927, 2.0
12107, 2.0
12138, 1.0
12144, 2.0
12146, 1.0
12157, 2.0
12159, 2.0
12161, 1.0
12231, 2.0
12240, 0.0
12354, 1.0
12364, 2.0
12366, 3.0
12419, 2.0
12427, 2.0
12548, 2.0
12608, 3.0
12643, 1.0
12649, 1.0
12657, 0.0
12661, 2.0
12666, 1.0
12671, 1.0
12741, 2.0
12750, 0.0
12857, 2.0
12868, 1.0
12880, 2.0
12882, 2.0
12926, 4.0
12928, 3.0
13062, 2.0
13110, 1.0
13154, 1.0
13159, 1.0
13176, 1.0
13181, 0.0
13245, 1.0
13252, 1.0
13254, 1.0
13333, 1.0
13375, 2.0
13396, 1.0
13397, 0.0
13443, 2.0
13449, 0.0
13566, 0.0
13577, 1.0
13616, 0.0
13659, 0.0
13674, 1.0
13692, 0.0
13699, 1.0
13754, 0.0
13757, 0.0
13763, 1.0
13848, 0.0
13881, 1.0
13902, 0.0
13952, 0.0
13959, 0.0
14067, 0.0
14093, 0.0
14131, 0.0
14165, 1.0
14189, 0.0
14197, 0.0
14210, 0.0
14261, 0.0
14274, 0.0
14364, 0.0
14386, 1.0
14407, 0.0
14470, 1.0
14488, 1.0
14580, 1.0
14598, 1.0
14636, 0.0
14665, 3.0
14711, 1.0
14774, 0.0
14781, 2.0
14790, 3.0
14874, 2.0
14892, 0.0
14894, 1.0
14908, 2.0
14913, 1.0
14978, 1.0
14991, 3.0
15087, 2.0
15114, 0.0
15152, 3.0
15178, 1.0
15228, 3.0
15234, 1.0
15287, 4.0
15300, 3.0
15384, 2.0
15402, 2.0
15409, 2.0
15425, 3.0
15428, 3.0
15486, 2.0
15503, 2.0
15588, 2.0
15658, 4.0
15693, 2.0
15736, 2.0
15752, 3.0
15807, 0.0
15814, 2.0
15842, 3.0
15900, 1.0
15908, 1.0
15915, 1.0
15933, 1.0
15943, 2.0
15986, 2.0
16010, 0.0
16092, 1.0
16152, 2.0
16164, 0.0
16198, 1.0
16247, 1.0
16326, 0.0
16330, 0.0
16357, 2.0
16405, 1.0
16410, 1.0
16413, 0.0
16415, 1.0
16448, 1.0
16449, 0.0
16491, 1.0
16511, 1.0
16597, 2.0
16653, 1.0
16669, 0.0
16701, 0.0
16752, 1.0
16834, 1.0
16845, 0.0
16862, 1.0
16911, 0.0
16916, 4.0
16918, 1.0
16925, 1.0
16964, 1.5
16999, 2.0
17013, 1.0
17102, 0.0
17166, 3.0
17183, 1.0
17219, 0.0
17261, 1.0
17346, 1.0
17350, 1.0
17420, 1.0
17426, 0.0
17428, 1.0
17434, 1.0
17469, 0.0
17479, 1.0
17530, 1.0
17560, 0.0
17608, 2.0
17676, 1.0
17695, 0.0
17772, 0.0
17818, 1.0
17858, 0.0
17866, 0.0
17920, 0.0
17932, 2.0
17941, 0.0
17946, 0.0
17949, 0.0
17984, 1.0
17994, 1.0
18046, 1.0
18066, 1.0
18124, 1.0
18211, 0.0
18232, 0.0
18283, 0.0
18320, 0.0
18374, 0.0
18382, 1.0
18430, 0.0
18437, 0.0
18451, 1.0
18464, 2.0
18490, 0.0
18499, 0.0
18566, 1.0
18583, 0.0
18629, 1.0
18733, 0.0
18738, 1.0
18743, 2.0
18788, 1.0
18825, 1.0
18886, 1.0
18898, 3.0
18935, 1.0
18953, 3.0
18966, 1.0
18980, 4.0
19004, 1.0
19005, 2.0
19091, 3.0
19129, 3.0
19134, 2.0
19243, 0.0
19255, 3.0
19291, 2.0
19331, 2.0
19390, 3.0
19404, 1.0
19436, 3.0
19457, 1.0
19468, 3.0
19486, 3.0
19510, 3.0
19521, 2.0
19599, 4.0
19634, 1.0
19650, 3.0
19694, 3.0
19744, 0.0
19760, 3.0
19795, 3.0
19894, 2.0
19909, 0.0
19957, 0.0
19974, 1.0
19991, 0.0
20026, 1.0
20038, 2.0
20092, 2.0
20146, 0.0
20158, 1.0
20189, 2.0
20199, 0.0
20252, 1.0
20270, 3.0
20271, 1.0
20306, 1.0
20398, 1.0
20424, 1.0
20469, 1.0
20489, 0.0
20506, 0.0
20531, 0.0
20596, 1.0
20652, 1.0
20672, 0.0
20690, 1.0
20705, 1.0
20759, 2.0
20786, 1.0
20789, 1.0
20808, 0.0
20902, 0.0
20918, 1.0
20930, 1.0
20984, 3.0
21005, 2.0
21022, 0.0
21047, 2.0
21111, 1.0
21155, 0.0
21175, 1.0
21209, 2.0
21210, 1.0
21262, 2.0
21300, 0.0
21301, 1.0
21311, 1.0
21408, 1.0
21433, 1.0
21446, 0.0
21505, 3.0
21510, 1.0
21527, 1.0
21556, 0.0
21616, 1.0
21667, 1.0
21717, 1.0
21726, 0.0
21730, 0.0
21771, 1.0
21804, 1.0
21817, 0.0
21823, 0.0
21916, 1.0
21948, 1.0
21951, 1.0
22016, 0.0
22032, 0.0
22051, 1.0
22057, 0.0
22122, 0.0
22170, 0.0
22231, 1.0
22235, 0.0
22241, 0.0
22276, 1.0
22308, 0.0
22332, 0.0
22335, 0.0
22422, 0.0
22449, 0.0
22456, 0.0
22521, 0.0
22547, 1.0
22561, 1.0
22572, 1.0
22622, 1.0
22674, 0.0
22733, 0.0
22742, 1.0
22743, 0.0
22796, 0.0
22828, 1.0
22834, 0.0
22839, 0.0
22934, 1.0
22949, 0.0
22962, 1.0
23031, 1.0
23063, 1.0
23064, 0.0
23087, 1.0
23142, 0.0
23178, 1.0
23242, 2.0
23243, 1.0
23249, 0.0
23312, 0.0
23330, 2.0
23334, 1.0
23344, 3.0
23450, 2.0
23463, 2.0
23464, 1.0
23532, 1.0
23564, 2.0
23577, 1.0
23603, 3.0
23647, 2.0
23678, 2.0
23755, 3.0
23757, 3.0
23758, 0.0
23824, 0.0
23831, 3.0
23838, 2.0
23855, 2.0
23951, 2.0
23965, 5.0
23977, 2.0
24042, 1.0
24080, 0.0
24084, 5.0
24118, 3.0
24162, 2.0
24183, 1.0
24266, 1.0
24271, 2.0
24272, 1.0
24340, 2.0
24341, 0.0
24343, 3.0
24433, 3.0
24458, 1.0
24480, 1.0
24497, 0.0
24581, 0.0
24589, 2.0
24634, 2.0
24653, 2.0
24698, 2.0
24776, 2.0
24778, 2.0
24844, 0.0
24847, 2.0
24849, 1.0
24853, 1.0
24943, 1.0
24972, 2.0
24985, 3.0
25009, 0.0
25097, 0.0
25149, 0.0
25165, 1.0
25213, 1.0
25291, 0.0
25294, 0.0
25348, 1.0
25355, 1.0
25356, 1.0
25370, 1.0
25447, 1.0
25452, 3.0
25462, 1.0
25491, 1.0
25494, 1.0
25525, 2.0
25609, 1.0
25654, 0.0
25670, 2.0
25718, 0.0
25792, 2.0
25809, 1.0
25857, 0.0
25860, 1.0
25870, 0.0
25883, 0.0
25956, 1.0
25962, 1.0
25974, 0.0
25998, 0.0
26006, 1.0
26037, 0.0
26121, 1.0
26159, 1.0
26175, 0.0
26223, 1.0
26307, 1.0
26324, 1.0
26359, 0.0
26386, 1.0
26387, 0.0
26470, 1.0
26479, 1.0
26502, 0.0
26522, 1.0
26549, 1.5
26624, 2.0
26644, 1.0
26675, 0.0
26676, 0.0
26738, 2.0
26810, 0.0
26829, 0.0
26863, 0.0
26891, 1.0
26901, 0.0
26984, 2.0
27006, 0.0
27028, 1.0
27030, 1.0
27053, 1.0
27139, 1.0
27147, 0.0
27180, 1.0
27186, 1.0
27244, 1.0
27314, 1.0
27345, 1.0
27367, 1.0
27394, 0.0
27417, 1.0
27489, 1.0
27533, 1.0
27534, 1.0
27557, 1.0
27650, 0.0
27651, 0.0
27672, 2.0
27692, 0.0
27695, 0.0
27734, 1.0
27759, 1.0
27826, 0.0
27850, 1.0
27879, 1.0
27906, 0.0
27933, 1.0
27990, 1.0
28045, 0.0
28048, 0.0
28069, 1.0
28154, 1.0
28161, 0.0
28188, 1.0
28197, 0.0
28200, 1.0
28245, 1.0
28274, 0.0
28365, 0.0
28391, 0.0
28410, 1.0
28448, 0.0
28502, 1.0
28563, 0.0
28577, 2.0
28602, 0.0
28614, 0.0
28658, 0.0
28664, 1.0
28701, 0.0
28702, 0.0
28705, 0.0
28745, 0.0
28779, 0.0
28870, 1.0
28904, 0.0
28910, 2.0
29006, 3.0
29069, 1.0
29093, 1.0
29103, 0.0
29106, 2.0
29126, 1.0
29162, 0.0
29169, 0.0
29204, 0.0
29208, 2.0
29210, 1.0
29282, 0.0
29295, 2.0
29375, 3.0
29407, 2.0
29414, 2.0
29530, 1.0
29574, 0.0
29606, 1.0
29611, 1.0
29634, 0.0
29666, 4.0
29672, 3.0
29706, 0.0
29713, 3.0
29716, 2.0
29800, 3.0
29898, 0.0
29911, 3.0
29923, 2.0
29949, 2.0
30043, 1.0
30079, 2.0
30109, 3.0
30116, 1.0
30138, 3.0
30144, 4.0
30178, 1.0
30220, 0.0
30221, 1.0
30244, 3.0
30316, 2.0
30321, 1.0
30409, 0.0
30414, 1.0
30445, 1.0
30462, 2.0
30562, 0.0
30585, 2.0
30613, 2.0
30632, 1.0
30654, 4.0
30660, 0.0
30694, 1.0
30727, 0.5
30755, 1.0
30831, 1.0
30835, 0.0
30930, 0.0
30933, 0.0
30957, 1.0
30975, 0.0
31086, 0.0
31128, 1.0
31148, 2.0
31149, 0.0
31166, 4.0
31175, 0.0
31206, 0.0
31242, 1.0
31268, 1.0
31331, 1.0
31341, 0.0
31363, 1.0
31445, 0.0
31469, 0.0
31479, 0.0
31610, 3.0
31634, 1.0
31653, 1.0
31678, 1.0
31682, 2.0
31690, 0.0
31711, 0.0
31757, 1.0
31811, 1.0
31831, 0.0
31856, 1.0
31864, 0.0
31951, 1.0
31981, 0.0
31991, 1.0
32140, 1.0
32159, 2.0
32162, 1.0
32182, 0.0
32186, 0.0
32206, 1.0
32222, 0.0
32273, 0.0
32315, 1.0
32336, 1.0
32366, 1.0
32379, 1.0
32438, 0.0
32456, 0.0
32493, 0.0
32502, 1.0
32644, 0.0
32674, 0.0
32682, 1.5
32690, 0.0
32720, 0.0
32734, 0.0
32787, 1.0
32840, 1.0
32879, 0.0
32880, 2.0
32886, 0.0
32939, 0.0
32961, 0.0
33005, 0.0
33014, 0.0
33148, 0.0
33185, 1.0
33188, 0.0
33195, 0.0
33206, 0.0
33224, 0.0
33246, 0.0
33291, 0.0
33355, 0.0
33385, 1.0
33387, 0.0
33390, 0.0
33453, 0.0
33475, 0.0
33509, 0.0
33527, 0.0
33652, 0.0
33692, 0.0
33696, 0.0
33705, 0.0
33718, 0.0
33729, 1.0
33750, 0.0
33795, 1.0
33869, 1.0
33885, 1.0
33900, 0.0
33904, 0.0
33967, 0.0
33990, 0.0
34021, 0.0
34039, 0.0
34153, 1.0
34201, 0.0
34207, 0.0
34218, 1.0
34233, 0.0
34262, 0.0
34310, 0.0
34383, 0.0
34385, 3.0
34403, 0.0
34409, 1.0
34481, 0.0
34504, 1.0
34533, 0.0
34543, 0.0
34661, 0.0
34712, 1.0
34716, 1.0
34722, 0.0
34729, 1.0
34737, 1.0
34782, 0.0
34824, 0.0
34892, 2.0
34904, 0.0
34923, 0.0
34996, 0.0
35008, 0.0
35033, 1.0
35062, 0.0
35175, 0.0
35216, 0.0
35220, 2.0
35234, 0.0
35241, 0.0
35252, 1.0
35286, 0.0
35338, 0.0
35392, 0.0
35396, 3.0
35424, 0.0
35425, 0.0
35500, 0.0
35522, 1.0
35566, 1.0
35680, 1.0
35724, 2.0
35730, 1.0
35748, 0.0
35754, 0.0
35756, 4.0
35790, 4.0
35805, 1.0
35842, 0.0
35904, 0.0
35911, 0.0
35935, 2.0
35941, 3.0
36004, 1.0
36037, 2.0
36184, 3.0
36208, 2.0
36228, 1.0
36244, 0.0
36250, 0.0
36257, 0.0
36270, 1.0
36291, 1.0
36357, 1.0
36409, 1.0
36415, 2.0
36439, 2.0
36445, 2.0
36518, 4.0
36539, 1.0
36552, 3.0
36688, 4.0
36722, 2.0
36742, 1.0
36753, 1.0
36759, 3.0
36765, 0.0
36785, 2.0
36802, 1.0
36857, 4.0
36928, 0.0
36929, 1.0
36940, 2.0
36950, 2.0
37019, 4.0
37049, 1.0
37053, 2.0
37189, 1.0
37230, 3.0
37243, 4.0
37258, 0.0
37259, 3.0
37265, 2.0
37285, 4.0
37314, 2.0
37361, 3.0
37428, 1.0
37429, 3.0
37440, 5.0
37452, 4.0
37520, 6.0
37550, 1.0
37554, 3.0
37690, 3.0
37731, 2.0
37744, 2.0
37760, 2.0
37762, 3.0
37766, 1.0
37785, 1.0
37815, 2.0
37862, 1.0
37929, 2.0
37930, 2.0
37940, 1.0
37953, 1.0
38020, 3.0
38050, 1.0
38055, 1.0
38190, 1.0
38231, 2.0
38244, 1.0
38260, 2.0
38264, 1.0
38266, 2.0
38286, 1.0
38315, 1.0
38362, 3.0
38430, 1.5
38441, 2.0
38453, 2.0
38529, 1.0
38551, 2.0
38555, 2.0
38690, 1.0
38732, 2.0
38744, 3.0
38761, 3.0
38766, 4.0
38767, 1.0
38787, 2.0
38816, 3.0
38863, 1.0
38931, 1.0
38941, 1.0
38955, 2.0
39029, 2.0
39051, 1.0
39056, 1.0
39191, 0.0
39233, 1.0
39245, 1.0
39261, 1.0
39266, 4.0
39267, 1.0
39288, 1.0
39317, 1.0
39363, 1.0
39431, 1.0
39442, 1.0
39455, 2.0
39530, 1.0
39552, 2.0
39556, 1.0
39691, 1.0
39733, 2.0
39746, 1.0
39761, 1.0
39768, 1.5
39789, 1.0
39817, 1.0
39863, 1.0
39932, 1.0
39942, 1.0
39955, 1.0
40031, 2.0
40052, 2.0
40057, 2.0
40192, 2.0
40233, 1.0
40246, 3.0
40262, 2.0
40269, 1.5
40289, 1.0
40317, 0.0
40364, 2.0
40432, 2.0
40433, 2.0
40443, 2.0
40456, 0.0
40532, 1.0
40553, 1.0
40558, 2.0
40693, 3.0
40734, 1.0
40747, 2.0
40762, 1.0
40769, 1.5
40789, 2.0
40818, 2.0
40865, 1.0
40933, 1.0
40943, 1.0
40956, 1.0
41032, 2.0
41054, 1.0
41059, 1.0
41193, 2.0
41235, 1.0
41248, 1.0
41262, 1.0
41269, 2.0
41274, 1.0
41290, 1.0
41319, 1.0
41365, 1.0
41434, 1.0
41444, 1.0
41456, 1.0
41533, 1.0
41554, 1.0
41559, 2.0
41693, 3.0
41736, 2.0
41748, 1.0
41763, 1.0
41770, 2.0
41774, 2.0
41791, 2.0
41820, 2.0
41870, 1.0
41934, 1.0
41936, 2.0
41944, 1.0
41964, 1.0
42036, 1.0
42059, 1.0
42064, 0.0
42194, 0.0
42236, 1.0
42264, 0.0
42266, 0.0
42271, 1.0
42274, 2.0
42304, 1.0
42320, 3.0
42371, 5.0
42434, 5.0
42437, 6.0
42445, 5.0
42465, 6.0
42537, 6.0
42560, 5.0
42564, 5.0
42694, 3.0
42737, 1.0
42764, 3.0
42767, 5.0
42771, 6.0
42775, 4.0
42805, 3.0
42820, 3.0
42871, 3.0
42935, 2.0
42938, 1.0
42946, 2.0
42966, 1.0
43037, 1.0
43061, 1.0
43065, 2.0
43195, 2.0
43237, 5.0
43265, 2.0
43268, 1.0
43272, 2.0
43275, 2.0
43305, 2.0
43321, 1.0
43372, 1.0
43436, 2.0
43439, 1.0
43447, 2.0
43467, 1.0
43537, 1.0
43561, 1.0
43566, 1.0
43696, 1.0
43738, 1.0
43765, 1.0
43769, 0.0
43773, 2.0
43775, 0.0
43806, 1.0
43821, 0.0
43873, 0.0
43937, 2.0
43939, 1.0
43947, 1.0
43967, 0.0
44038, 1.0
44061, 1.0
44066, 1.0
44196, 0.0
44238, 2.0
44265, 1.0
44269, 1.0
44273, 2.0
44276, 2.0
44307, 0.0
44322, 1.0
44373, 2.0
44437, 1.0
44440, 2.0
44448, 1.0
44467, 2.0
44538, 1.0
44562, 1.0
44567, 1.0
44697, 1.0
44739, 1.0
44766, 2.0
44769, 1.0
44774, 1.0
44777, 2.0
44807, 1.0
44822, 1.0
44874, 0.0
44938, 1.0
44940, 1.0
44949, 1.0
44968, 0.0
45039, 0.0
45062, 1.0
45067, 2.0
45198, 2.0
45240, 1.0
45267, 1.0
45269, 2.0
45274, 2.0
45277, 2.0
45308, 0.0
45322, 1.0
45375, 1.0
45439, 1.0
45441, 1.0
45450, 1.0
45469, 1.0
45539, 2.0
45563, 2.0
45568, 2.0
45699, 1.0
45740, 1.0
45767, 1.0
45770, 1.0
45774, 1.0
45777, 1.0
45808, 1.0
45823, 1.0
45876, 1.0
45939, 1.0
45942, 1.0
45950, 0.0
45970, 1.0
46040, 1.0
46064, 1.0
46069, 2.0
46200, 1.0
46240, 1.0
46268, 1.0
46271, 2.0
46276, 2.0
46278, 1.0
46310, 1.0
46324, 1.0
46377, 2.0
46440, 1.0
46442, 1.0
46452, 2.0
46470, 1.0
46541, 2.0
46564, 1.0
46569, 1.0
46701, 2.0
46741, 2.0
46768, 2.0
46771, 2.0
46776, 4.0
46778, 2.0
46810, 2.0
46824, 2.0
46877, 1.0
46940, 1.0
46942, 1.0
46952, 1.0
46971, 1.0
47041, 1.0
47065, 2.0
47070, 1.0
47201, 2.0
47241, 1.0
47268, 2.0
47272, 2.0
47276, 2.0
47279, 1.0
47310, 1.0
47324, 1.0
47378, 2.0
47441, 2.0
47443, 2.0
47454, 1.0
47471, 3.0
47542, 2.0
47566, 2.0
47570, 3.0
47702, 1.0
47741, 2.0
47769, 2.0
47772, 2.0
47777, 2.0
47780, 3.0
47811, 2.0
47825, 2.0
47878, 2.0
47941, 2.0
47944, 1.0
47954, 2.0
47972, 3.0
48042, 3.0
48066, 3.0
48071, 2.0
48203, 3.0
48242, 3.0
48269, 3.0
48273, 4.0
48277, 2.0
48280, 3.0
48312, 5.0
48326, 3.0
48379, 4.0
48442, 3.0
48444, 3.0
48454, 4.0
48472, 3.0
48543, 3.0
48567, 5.0
48572, 2.0
48703, 3.0
48742, 4.0
48770, 2.0
48774, 2.0
48778, 3.0
48781, 1.0
48813, 2.0
48827, 3.0
48879, 3.0
48942, 1.0
48944, 1.0
48955, 2.0
48973, 1.0
49043, 2.0
49067, 2.0
49072, 2.0
49204, 2.0
49242, 1.0
49270, 1.0
49274, 1.0
49279, 2.0
49281, 1.0
49313, 2.0
49327, 2.0
49380, 1.0
49443, 1.0
49445, 2.0
49455, 2.0
49474, 1.0
49543, 1.0
49568, 2.0
49573, 2.0
49705, 1.0
49744, 1.0
49770, 1.0
49775, 1.0
49780, 1.0
49783, 1.0
49813, 1.0
49827, 0.0
49881, 1.0
49943, 1.0
49945, 1.0
49956, 1.0
49974, 0.0
50044, 1.0
50069, 1.0
50074, 1.0
50206, 1.0
50244, 2.0
50271, 0.0
50275, 0.0
50281, 2.0
50284, 1.0
50313, 2.0
50328, 2.0
50382, 2.0
50444, 1.0
50446, 2.0
50456, 2.0
50475, 1.0
50544, 2.0
50570, 2.0
50575, 1.0
50706, 2.0
50745, 1.0
50771, 2.0
50776, 1.0
50782, 3.0
50784, 2.0
50814, 2.0
50828, 2.0
50882, 2.0
50944, 1.0
50947, 2.0
50957, 2.0
50976, 1.0
51045, 1.0
51071, 1.0
51075, 1.0
51207, 1.0
51245, 2.0
51271, 1.0
51276, 2.0
51283, 2.0
51290, 1.0
51314, 3.0
51329, 2.0
51383, 2.0
51446, 2.0
51448, 0.0
51458, 1.0
51477, 2.0
51546, 2.0
51571, 1.0
51575, 1.0
51708, 1.0
51746, 1.0
51772, 1.0
51777, 1.0
51784, 1.0
51791, 1.0
51815, 1.0
51829, 1.0
51896, 1.0
51949, 2.0
51951, 1.0
51976, 0.0
51985, 0.0
52048, 1.0
52071, 1.0
52089, 0.0
52208, 2.0
52247, 1.0
52272, 0.0
52278, 1.0
52284, 0.0
52292, 1.0
52316, 1.0
52343, 0.0
52396, 3.0
52449, 3.0
52451, 3.0
52476, 4.0
52486, 4.0
52548, 2.0
52571, 5.0
52590, 4.0
52709, 4.0
52747, 3.0
52773, 4.0
52778, 5.0
52785, 4.0
52792, 5.0
52816, 3.0
52843, 6.0
52897, 3.0
52950, 5.0
52952, 2.0
52977, 3.0
52987, 1.0
53049, 2.0
53072, 2.0
53091, 3.0
53209, 2.0
53248, 3.0
53274, 2.0
53279, 2.0
53285, 2.0
53293, 2.0
53316, 2.0
53344, 2.0
53397, 2.0
53450, 2.0
53452, 1.0
53478, 2.0
53487, 2.0
53550, 1.0
53573, 1.0
53591, 2.0
53709, 1.0
53748, 1.0
53775, 1.0
53779, 1.0
53785, 2.0
53793, 1.0
53817, 1.0
53845, 1.0
53898, 1.0
53951, 1.0
53953, 1.0
53978, 1.0
53987, 1.0
54050, 1.0
54074, 1.0
54091, 0.0
54210, 1.0
54249, 1.0
54275, 1.0
54280, 2.0
54286, 1.0
54293, 2.0
54318, 2.0
54346, 1.0
54398, 1.0
54452, 3.0
54453, 1.0
54479, 2.0
54488, 1.0
54550, 2.0
54574, 2.0
54592, 1.0
54711, 2.0
54750, 2.0
54776, 2.0
54780, 2.0
54787, 3.0
54794, 1.0
54818, 2.0
54847, 2.0
54899, 3.0
54953, 3.0
54954, 2.0
54979, 2.0
54989, 1.0
55051, 2.0
55074, 2.0
55093, 1.0
55211, 2.0
55251, 3.0
55277, 1.0
55281, 2.0
55287, 2.0
55295, 2.0
55318, 1.0
55347, 2.0
55400, 1.0
55454, 2.0
55480, 2.0
55489, 2.0
55551, 1.0
55575, 1.0
55594, 2.0
55712, 1.0
55751, 1.0
55778, 0.0
55782, 1.0
55787, 1.0
55795, 1.0
55819, 1.0
55848, 1.0
55900, 1.0
55954, 1.0
55955, 1.0
55980, 0.0
55990, 1.0
56052, 0.0
56075, 1.0
56095, 1.0
56213, 1.0
56252, 1.0
56279, 3.0
56282, 1.0
56288, 2.0
56296, 1.0
56320, 2.0
56349, 1.0
56401, 1.0
56455, 1.0
56456, 2.0
56481, 1.0
56491, 1.0
56552, 2.0
56575, 1.0
56595, 2.0
56713, 1.0
56753, 2.0
56779, 1.0
56783, 1.0
56788, 2.0
56796, 2.0
56820, 2.0
56849, 1.0
56902, 1.0
56956, 1.5
56982, 2.0
56991, 2.0
57053, 2.0
57076, 2.0
57096, 3.0
57213, 2.0
57254, 1.0
57279, 1.0
57284, 1.0
57289, 1.0
57296, 2.0
57321, 1.0
57350, 1.0
57402, 1.0
57456, 2.0
57483, 1.0
57491, 2.0
57554, 2.0
57577, 3.0
57597, 2.0
57713, 1.0
57754, 1.0
57780, 1.0
57785, 1.0
57790, 2.0
57797, 1.0
57821, 1.0
57851, 1.0
57903, 1.0
57956, 1.0
57957, 0.0
57983, 1.0
57992, 1.0
58054, 1.0
58078, 1.0
58098, 0.0
58214, 1.0
58254, 1.0
58280, 1.0
58286, 1.0
58290, 1.0
58298, 1.0
58322, 1.0
58351, 1.0
58403, 2.0
58457, 1.5
58484, 2.0
58492, 1.0
58555, 1.0
58578, 1.0
58598, 2.0
58714, 1.0
58755, 2.0
58781, 1.0
58787, 2.0
58791, 3.0
58798, 2.0
58822, 3.0
58851, 2.0
58903, 2.0
58958, 3.0
58959, 2.0
58985, 1.0
58993, 1.0
59056, 2.0
59079, 2.0
59099, 2.0
59215, 2.0
59255, 1.0
59281, 2.0
59287, 1.0
59292, 1.0
59299, 1.0
59323, 1.0
59352, 1.0
59404, 1.0
59459, 2.0
59485, 2.0
59494, 2.0
59556, 1.0
59580, 0.0
59599, 1.0
59715, 1.0
59756, 0.0
59782, 1.0
59788, 1.0
59793, 1.0
59800, 1.0
59823, 1.0
59853, 1.0
59905, 1.0
59959, 1.0
59960, 0.0
59986, 1.0
59994, 1.0
60057, 1.0
60081, 2.0
60100, 1.0
60216, 2.0
60256, 2.0
60282, 2.0
60288, 1.0
60293, 1.0
60300, 1.0
60324, 1.0
60353, 1.0
60405, 1.0
60460, 2.0
60486, 1.0
60494, 3.0
60558, 1.0
60581, 2.0
60601, 1.0
60716, 2.0
60757, 1.0
60782, 2.0
60788, 2.0
60794, 3.0
60801, 2.0
60824, 2.0
60854, 1.0
60906, 2.0
60961, 1.0
60987, 1.0
60994, 2.0
61059, 2.0
61082, 1.0
61101, 1.0
61217, 1.0
61257, 2.0
61283, 1.0
61288, 3.0
61295, 2.0
61302, 1.0
61324, 2.0
61355, 1.0
61407, 2.0
61461, 1.0
61462, 2.0
61487, 1.0
61495, 3.0
61559, 2.0
61582, 1.0
61602, 1.0
61718, 2.0
61757, 1.0
61783, 1.0
61789, 1.0
61795, 1.0
61803, 2.0
61835, 0.0
61862, 1.0
61908, 0.0
61961, 1.0
61963, 1.0
61989, 0.0
61996, 0.0
62061, 1.0
62086, 0.0
62112, 0.0
62218, 0.0
62258, 1.0
62284, 1.0
62295, 1.0
62303, 2.0
62307, 0.0
62335, 3.0
62369, 2.0
62408, 4.0
62462, 5.0
62464, 4.0
62489, 3.0
62497, 4.0
62562, 4.0
62586, 5.0
62613, 4.0
62719, 4.0
62775, 1.0
62784, 6.0
62796, 6.0
62804, 3.0
62808, 4.0
62836, 3.0
62869, 2.0
62908, 2.0
62963, 2.0
62965, 2.0
62990, 1.0
62998, 2.0
63062, 1.0
63087, 1.0
63114, 1.0
63219, 2.0
63275, 6.0
63284, 3.0
63296, 3.0
63304, 2.0
63309, 2.0
63337, 2.0
63369, 4.0
63409, 1.0
63463, 2.0
63466, 0.0
63490, 1.0
63498, 2.0
63563, 1.0
63588, 1.0
63615, 1.0
63720, 0.0
63776, 1.0
63785, 1.0
63797, 1.0
63805, 1.0
63809, 1.0
63838, 0.0
63869, 1.0
63910, 1.0
63964, 1.0
63966, 2.0
63990, 1.0
63998, 1.0
64064, 0.0
64089, 1.0
64115, 1.0
64221, 1.0
64276, 2.0
64285, 0.0
64298, 2.0
64306, 1.0
64309, 1.0
64338, 1.0
64370, 1.0
64410, 2.0
64464, 2.0
64467, 2.0
64491, 1.0
64499, 1.0
64564, 2.0
64589, 3.0
64616, 1.0
64722, 1.0
64776, 1.0
64785, 2.0
64798, 2.0
64806, 2.0
64809, 2.0
64839, 1.0
64870, 3.0
64910, 3.0
64965, 1.0
64967, 1.0
64992, 1.0
64999, 0.0
65065, 2.0
65090, 2.0
65116, 1.0
65222, 2.0
65277, 2.0
65285, 3.0
65299, 2.0
65306, 1.0
65310, 2.0
65339, 1.0
65370, 1.0
65411, 1.0
65465, 1.0
65467, 1.0
65492, 3.0
65500, 2.0
65565, 1.0
65590, 2.0
65618, 1.0
65722, 0.0
65778, 1.0
65786, 1.0
65800, 1.0
65807, 1.0
65811, 1.0
65839, 0.0
65871, 0.0
65911, 1.0
65966, 0.0
65968, 1.0
65992, 1.0
66000, 0.0
66066, 1.0
66092, 0.0
66118, 1.0
66223, 1.0
66278, 2.0
66287, 1.0
66301, 1.0
66308, 2.0
66312, 1.0
66339, 2.0
66371, 2.0
66412, 1.0
66466, 1.0
66469, 1.0
66493, 2.0
66501, 3.0
66566, 2.0
66592, 1.0
66619, 3.0
66723, 1.0
66778, 3.0
66787, 2.0
66801, 2.0
66809, 2.0
66812, 2.0
66840, 2.0
66872, 3.0
66913, 2.0
66966, 2.0
66970, 2.0
66993, 2.0
67001, 1.0
67067, 2.0
67092, 1.0
67120, 2.0
67224, 2.0
67279, 2.0
67288, 2.0
67302, 3.0
67309, 2.0
67313, 2.0
67340, 2.0
67373, 1.0
67413, 2.0
67467, 2.0
67470, 1.0
67494, 2.0
67502, 1.0
67568, 1.0
67593, 1.0
67620, 1.0
67724, 1.0
67780, 1.0
67788, 1.0
67803, 1.0
67809, 0.0
67813, 0.0
67841, 1.0
67873, 1.0
67914, 1.0
67967, 1.0
67971, 0.0
67995, 0.0
68003, 1.0
68068, 1.0
68093, 1.0
68120, 1.0
68225, 1.0
68280, 1.0
68289, 1.0
68303, 1.0
68310, 1.0
68314, 1.0
68341, 1.0
68374, 1.0
68415, 1.0
68468, 1.0
68472, 1.0
68495, 1.0
68503, 1.0
68568, 1.0
68594, 1.0
68620, 0.0
68725, 1.0
68780, 1.0
68790, 1.0
68804, 2.0
68810, 2.0
68815, 1.0
68841, 2.0
68874, 2.0
68915, 1.0
68968, 1.0
68972, 2.0
68996, 2.0
69003, 1.0
69068, 1.0
69095, 2.0
69121, 2.0
69226, 2.0
69281, 1.0
69291, 2.0
69304, 1.0
69311, 1.0
69316, 1.0
69342, 2.0
69375, 2.0
69415, 1.0
69469, 2.0
69473, 1.0
69496, 2.0
69504, 0.0
69569, 1.0
69595, 1.0
69622, 2.0
69727, 1.0
69781, 1.0
69791, 1.0
69805, 1.0
69812, 1.0
69816, 1.0
69843, 1.0
69876, 2.0
69916, 1.0
69969, 1.0
69973, 1.0
69997, 1.0
70005, 0.0
70070, 0.0
70095, 1.0
70122, 1.0
70228, 0.0
70282, 1.0
70292, 0.0
70306, 1.0
70312, 1.0
70317, 1.0
70344, 1.0
70376, 1.0
70417, 1.0
70469, 1.0
70474, 1.0
70498, 1.0
70506, 1.0
70571, 1.0
70596, 1.0
70623, 1.0
70728, 1.0
70783, 2.0
70793, 1.0
70807, 2.0
70812, 1.0
70817, 1.0
70845, 2.0
70877, 2.0
70918, 1.0
70969, 2.0
70975, 2.0
70999, 2.0
71007, 2.0
71071, 1.0
71097, 1.0
71124, 1.0
71229, 1.0
71284, 2.0
71294, 2.0
71308, 2.0
71313, 2.0
71318, 0.0
71345, 1.0
71378, 1.0
71419, 1.0
71470, 2.0
71475, 2.0
71500, 1.0
71507, 2.0
71572, 0.0
71598, 1.0
71624, 1.0
71730, 1.0
71785, 2.0
71795, 1.0
71808, 3.0
71814, 2.0
71818, 1.0
71846, 1.0
71879, 1.0
71931, 1.0
71971, 1.0
71983, 0.0
72005, 1.0
72026, 0.0
72077, 1.0
72099, 1.0
72127, 0.0
72234, 1.0
72285, 1.0
72296, 1.0
72309, 0.0
72315, 2.0
72318, 1.0
72346, 1.0
72384, 0.0
72431, 4.0
72471, 4.0
72484, 5.0
72505, 6.0
72526, 3.0
72577, 4.0
72599, 6.0
72627, 5.0
72735, 3.0
72786, 4.0
72796, 5.0
72810, 5.0
72815, 4.0
72819, 4.0
72847, 4.0
72884, 3.0
72931, 2.0
72971, 2.0
72984, 2.0
73005, 1.0
73027, 2.0
73078, 3.0
73100, 2.0
73129, 2.0
73235, 2.0
73286, 2.0
73296, 2.0
73310, 2.0
73316, 3.0
73319, 2.0
73347, 2.0
73385, 2.0
73432, 2.0
73473, 2.0
73485, 2.0
73505, 2.0
73527, 2.0
73579, 2.0
73600, 1.0
73630, 1.0
73735, 1.0
73787, 0.0
73797, 1.0
73811, 1.0
73817, 1.0
73820, 1.0
73847, 1.0
73886, 1.0
73933, 0.0
73973, 1.0
73985, 1.0
74006, 1.0
74027, 1.0
74079, 1.0
74101, 1.0
74130, 0.0
74236, 2.0
74288, 0.0
74298, 1.0
74311, 0.0
74317, 1.0
74320, 0.0
74347, 1.0
74386, 2.0
74433, 1.0
74474, 2.0
74485, 1.0
74506, 0.0
74528, 1.0
74580, 1.0
74601, 1.0
74631, 1.0
74737, 2.0
74789, 1.0
74799, 1.0
74812, 2.0
74818, 1.0
74820, 1.0
74848, 1.0
74887, 1.0
74934, 1.0
74974, 1.0
74986, 2.0
75006, 2.0
75028, 1.0
75080, 3.0
75102, 1.0
75131, 1.0
75237, 1.0
75289, 1.0
75299, 1.0
75312, 2.0
75319, 2.0
75320, 2.0
75349, 1.0
75387, 2.0
75434, 2.0
75475, 2.0
75486, 0.0
75507, 2.0
75529, 2.0
75580, 1.0
75603, 1.0
75632, 1.0
75738, 1.0
75789, 1.0
75800, 1.0
75813, 0.0
75820, 1.0
75821, 1.0
75850, 1.0
75888, 1.0
75935, 1.0
75976, 1.0
75987, 1.0
76007, 0.0
76029, 0.0
76081, 0.0
76104, 1.0
76133, 0.0
76239, 1.0
76290, 1.0
76300, 1.0
76314, 1.0
76320, 0.0
76322, 1.0
76350, 1.0
76389, 1.0
76435, 1.0
76476, 1.0
76487, 1.0
76508, 1.0
76530, 1.0
76581, 1.0
76605, 1.0
76633, 1.0
76740, 2.0
76790, 1.0
76800, 1.0
76815, 1.0
76821, 2.0
76822, 2.0
76850, 2.0
76889, 2.0
76936, 1.0
76976, 1.0
76988, 2.0
77009, 1.0
77030, 3.0
77082, 1.0
77105, 2.0
77134, 1.0
77240, 1.0
77291, 2.0
77301, 2.0
77315, 2.0
77322, 1.0
77323, 1.0
77351, 2.0
77390, 1.0
77436, 1.0
77477, 1.0
77488, 1.0
77509, 1.0
77530, 1.0
77583, 1.0
77606, 0.0
77634, 1.0
77741, 1.0
77791, 0.0
77802, 2.0
77816, 1.0
77822, 1.0
77824, 1.0
77851, 1.0
77890, 1.0
77937, 1.0
77977, 2.0
77989, 1.0
78009, 1.0
78031, 1.0
78083, 1.0
78106, 1.0
78135, 0.0
78242, 0.0
78292, 0.0
78303, 1.0
78317, 1.0
78323, 1.0
78325, 1.0
78352, 0.0
78391, 1.0
78437, 0.0
78478, 1.0
78489, 0.0
78510, 1.0
78532, 0.0
78583, 0.0
78607, 0.0
78636, 0.0
78743, 1.0
78793, 0.0
78804, 1.0
78818, 1.0
78823, 0.0
78826, 0.0
78853, 1.0
78891, 1.0
78938, 1.0
78979, 0.0
78990, 1.0
79011, 0.0
79032, 1.0
79084, 1.0
79107, 0.0
79137, 1.0
79243, 1.0
79294, 0.0
79305, 0.0
79319, 1.0
79323, 0.0
79327, 1.0
79354, 0.0
79392, 0.0
79439, 0.0
79479, 0.0
79490, 0.0
79511, 0.0
79533, 0.0
79585, 0.0
79608, 0.0
79638, 0.0
79744, 0.0
79795, 1.0
79806, 0.0
79819, 1.0
79824, 0.0
79828, 0.0
79855, 0.0
79893, 1.0
79940, 0.0
79980, 0.0
79991, 0.0
80012, 0.0
80033, 1.0
80086, 0.0
80108, 1.0
80139, 0.0
80245, 0.0
80295, 0.0
80306, 0.0
80319, 0.0
80324, 0.0
80328, 0.0
80356, 0.0
80394, 1.0
80441, 1.0
80480, 1.0
80491, 0.0
80513, 0.0
80534, 0.0
80586, 0.0
80608, 0.0
80639, 0.0
80746, 0.0
80796, 0.0
80807, 0.0
80819, 0.0
80825, 0.0
80829, 0.0
80857, 1.0
80895, 1.0
80942, 1.0
80981, 0.0
80992, 1.0
81013, 0.0
81035, 0.0
81087, 0.0
81109, 1.0
81140, 0.0
81246, 0.0
81296, 0.0
81308, 1.0
81319, 0.0
81329, 0.0
81339, 0.0
81358, 0.0
81396, 1.0
81443, 0.0
81482, 1.0
81492, 0.0
81514, 1.0
81536, 1.0
81588, 0.0
81610, 1.0
81641, 0.0
81747, 1.0
81796, 0.0
81809, 1.0
81820, 1.0
81830, 1.0
81840, 1.0
81865, 1.0
81954, 0.0
81983, 1.0
81984, 0.0
82007, 0.0
82026, 0.0
82045, 0.0
82102, 0.0
82130, 0.0
82147, 0.0
82247, 0.0
82296, 1.0
82309, 0.0
82321, 1.0
82332, 0.0
82340, 3.0
82366, 3.0
82454, 3.0
82484, 4.5
82507, 3.0
82526, 3.0
82546, 4.0
82604, 4.0
82631, 5.0
82648, 4.0
82748, 4.0
82797, 1.0
82810, 6.0
82821, 4.0
82833, 3.0
82840, 4.0
82867, 3.0
82955, 1.0
82984, 1.0
82985, 1.0
83008, 2.0
83027, 1.0
83047, 1.0
83104, 1.0
83131, 1.0
83149, 1.0
83248, 1.0
83297, 4.0
83311, 1.0
83322, 1.0
83334, 1.0
83341, 0.0
83367, 1.0
83456, 0.0
83485, 0.5
83509, 1.0
83527, 1.0
83548, 1.0
83605, 1.0
83631, 0.0
83650, 0.0
83749, 1.0
83798, 1.0
83812, 1.0
83823, 1.0
83835, 1.0
83842, 1.0
83868, 0.0
83957, 1.0
83986, 0.5
84010, 1.0
84028, 1.0
84048, 1.0
84105, 0.0
84132, 0.0
84151, 1.0
84249, 1.0
84298, 0.0
84312, 0.0
84324, 1.0
84335, 0.0
84342, 1.0
84368, 2.0
84457, 1.0
84486, 1.0
84511, 1.0
84528, 1.0
84548, 0.0
84606, 0.0
84632, 1.0
84652, 0.0
84751, 1.0
84799, 0.0
84812, 0.0
84824, 1.0
84835, 0.0
84842, 1.0
84868, 0.0
84957, 0.0
84987, 0.5
85011, 0.0
85029, 0.0
85048, 1.0
85106, 1.0
85133, 0.0
85152, 0.0
85251, 0.0
85300, 1.0
85312, 0.0
85325, 1.0
85336, 1.0
85343, 0.0
85369, 1.0
85458, 1.0
85488, 1.0
85511, 0.0
85530, 1.0
85550, 0.0
85607, 0.0
85633, 0.0
85653, 0.0
85752, 1.0
85801, 0.0
85813, 1.0
85826, 1.0
85837, 0.0
85844, 0.0
85870, 0.0
85959, 0.0
85989, 0.5
86011, 1.0
86030, 0.0
86051, 0.0
86108, 0.0
86135, 1.0
86154, 0.0
86252, 0.0
86301, 1.0
86314, 0.0
86326, 0.0
86338, 1.0
86345, 0.0
86371, 0.0
86460, 0.0
86489, 1.0
86490, 1.0
86512, 0.0
86531, 0.0
86552, 0.0
86608, 0.0
86635, 0.0
86655, 0.0
86753, 0.0
86802, 1.0
86814, 1.0
86828, 1.0
86838, 1.0
86845, 1.0
86872, 1.0
86960, 0.0
86990, 0.5
87012, 0.0
87032, 1.0
87052, 1.0
87108, 0.0
87136, 0.0
87156, 0.0
87253, 0.0
87302, 1.0
87315, 1.0
87328, 1.0
87339, 1.0
87346, 0.0
87372, 0.0
87460, 0.0
87491, 0.0
87492, 0.0
87513, 0.0
87533, 0.0
87553, 0.0
87609, 1.0
87637, 0.0
87656, 0.0
87754, 0.0
87803, 0.0
87816, 0.0
87829, 0.0
87840, 0.0
87847, 0.0
87873, 1.0
87961, 0.0
87992, 1.0
88013, 0.0
88034, 0.0
88053, 0.0
88110, 0.0
88138, 0.0
88157, 0.0
88255, 0.0
88304, 0.0
88316, 0.0
88329, 1.0
88341, 0.0
88348, 0.0
88373, 1.0
88462, 0.0
88493, 1.0
88514, 0.0
88535, 0.0
88553, 1.0
88610, 0.0
88638, 0.0
88657, 0.0
88755, 0.0
88804, 0.0
88817, 1.0
88829, 1.0
88842, 1.0
88848, 1.0
88874, 0.0
88963, 0.0
88993, 0.5
89015, 0.0
89035, 0.0
89054, 1.0
89111, 0.0
89139, 0.0
89158, 0.0
89255, 1.0
89305, 0.0
89318, 0.0
89330, 1.0
89343, 1.0
89349, 0.0
89375, 1.0
89464, 0.0
89494, 1.0
89515, 0.0
89536, 1.0
89555, 0.0
89611, 0.0
89639, 0.0
89659, 0.0
89755, 0.0
89806, 0.0
89819, 0.0
89831, 1.0
89843, 0.0
89850, 0.0
89875, 0.0
89965, 0.0
89994, 1.0
89995, 1.0
90016, 0.0
90036, 0.0
90055, 0.0
90113, 0.0
90140, 1.0
90159, 0.0
90256, 0.0
90306, 0.0
90319, 1.0
90331, 1.0
90343, 0.0
90351, 1.0
90376, 1.0
90466, 0.0
90496, 0.0
90517, 0.0
90537, 0.0
90556, 1.0
90614, 0.0
90640, 0.0
90660, 0.0
90757, 0.0
90807, 0.0
90820, 0.0
90832, 0.0
90844, 0.0
90852, 0.0
90877, 0.0
90967, 0.0
90996, 0.0
91017, 0.0
91038, 1.0
91057, 0.0
91114, 0.0
91141, 0.0
91161, 0.0
91258, 0.0
91308, 1.0
91321, 0.0
91333, 1.0
91345, 0.0
91358, 0.0
91377, 0.0
91467, 0.0
91497, 1.0
91518, 1.0
91539, 1.0
91558, 0.0
91614, 0.0
91642, 0.0
91661, 1.0
91758, 0.0
91809, 1.0
91821, 1.0
91834, 0.0
91846, 1.0
91859, 2.0
91878, 1.0
91973, 0.0
91997, 1.0
91998, 1.0
92028, 0.0
92046, 0.0
92069, 0.0
92130, 0.0
92143, 0.0
92162, 1.0
92271, 0.0
92309, 0.0
92322, 0.0
92335, 1.0
92346, 1.0
92359, 0.0
92396, 2.0
92473, 2.0
92497, 1.0
92498, 5.0
92529, 5.0
92547, 3.0
92570, 3.0
92631, 5.0
92644, 4.0
92663, 5.0
92771, 3.0
92810, 6.0
92823, 4.0
92835, 3.0
92847, 3.0
92860, 5.0
92896, 3.0
92973, 1.0
92998, 1.0
92999, 1.0
93030, 1.0
93047, 1.0
93070, 1.0
93132, 1.0
93145, 1.0
93164, 1.0
93272, 1.0
93310, 0.0
93324, 0.0
93336, 1.0
93348, 1.0
93361, 1.0
93397, 0.0
93474, 1.0
93499, 1.0
93500, 1.0
93530, 0.0
93548, 0.0
93571, 0.0
93633, 1.0
93646, 1.0
93664, 1.0
93772, 1.0
93811, 0.0
93825, 1.0
93836, 1.0
93848, 1.0
93862, 1.0
93898, 1.0
93975, 0.0
94000, 1.0
94001, 0.0
94031, 0.0
94048, 1.0
94071, 0.0
94134, 0.0
94146, 1.0
94164, 0.0
94274, 0.0
94312, 0.0
94326, 0.0
94337, 1.0
94349, 1.0
94363, 0.0
94398, 0.0
94476, 0.0
94500, 1.0
94501, 0.0
94531, 0.0
94549, 0.0
94571, 0.0
94635, 0.0
94647, 0.0
94665, 0.0
94775, 1.0
94812, 0.0
94826, 0.0
94837, 0.0
94849, 1.0
94864, 0.0
94899, 1.0
94977, 1.0
95000, 0.0
95003, 0.0
95031, 1.0
95050, 0.0
95072, 0.0
95135, 0.0
95147, 1.0
95166, 0.0
95275, 0.0
95313, 0.0
95327, 0.0
95339, 1.0
95350, 0.0
95364, 0.0
95400, 0.0
95478, 0.0
95501, 0.0
95503, 1.0
95532, 0.0
95550, 0.0
95573, 0.0
95636, 0.0
95648, 0.0
95667, 0.0
95776, 0.0
95814, 1.0
95828, 0.0
95839, 1.0
95851, 0.0
95865, 0.0
95900, 0.0
95978, 0.0
96002, 0.0
96004, 0.0
96032, 0.0
96051, 0.0
96073, 0.0
96137, 0.0
96148, 0.0
96167, 0.0
96277, 0.0
96315, 0.0
96328, 0.0
96340, 1.0
96351, 1.0
96365, 1.0
96401, 0.0
96479, 0.0
96503, 0.0
96505, 0.0
96533, 0.0
96551, 0.0
96573, 0.0
96638, 0.0
96648, 0.0
96669, 0.0
96777, 1.0
96815, 1.0
96829, 0.0
96840, 1.0
96852, 0.0
96866, 0.0
96901, 0.0
96980, 0.0
97004, 0.0
97006, 0.0
97034, 0.0
97051, 0.0
97074, 0.0
97139, 0.0
97149, 1.0
97170, 0.0
97278, 1.0
97316, 0.0
97329, 1.0
97341, 1.0
97353, 0.0
97366, 0.0
97402, 0.0
97481, 0.0
97505, 1.0
97506, 1.0
97534, 0.0
97552, 1.0
97575, 0.0
97640, 0.0
97650, 0.0
97670, 0.0
97778, 0.0
97817, 0.0
97830, 0.0
97842, 0.0
97853, 0.0
97867, 0.0
97902, 0.0
97981, 1.0
98005, 0.0
98006, 1.0
98035, 1.0
98053, 0.0
98077, 0.0
98140, 0.0
98150, 0.0
98171, 1.0
98279, 0.0
98317, 0.0
98330, 0.0
98342, 1.0
98354, 0.0
98368, 0.0
98403, 0.0
98482, 0.0
98506, 0.0
98507, 0.0
98536, 0.0
98553, 1.0
98577, 1.0
98641, 1.0
98651, 0.0
98671, 0.0
98779, 1.0
98818, 1.0
98831, 1.0
98843, 1.0
98855, 1.0
98868, 0.0
98904, 0.0
98983, 0.0
99007, 0.0
99008, 0.0
99036, 1.0
99053, 1.0
99078, 0.0
99142, 0.0
99152, 0.0
99172, 1.0
99280, 1.0
99318, 0.0
99331, 0.0
99344, 1.0
99356, 0.0
99369, 0.0
99404, 1.0
99484, 1.0
99508, 0.0
99509, 1.0
99537, 0.0
99554, 1.0
99578, 0.0
99643, 0.0
99653, 0.0
99672, 0.0
99780, 0.0
99819, 0.0
99832, 0.0
99844, 1.0
99856, 1.0
99869, 0.0
99905, 0.0
99985, 0.0
100008, 0.0
100010, 0.0
100037, 0.0
100055, 0.0
100079, 0.0
100144, 1.0
100154, 0.0
100174, 0.0
100281, 0.0
100319, 0.0
100332, 0.0
100345, 1.0
100357, 0.0
100370, 0.0
100406, 1.0
100486, 0.0
100509, 0.0
100511, 0.0
100537, 0.0
100555, 0.0
100580, 0.0
100644, 0.0
100654, 0.0
100675, 0.0
100781, 0.0
100819, 0.0
100833, 1.0
100846, 0.0
100858, 0.0
100871, 0.0
100906, 0.0
100986, 0.0
101009, 0.0
101011, 1.0
101038, 0.0
101056, 1.0
101080, 1.0
101145, 0.0
101155, 0.0
101175, 0.0
101281, 0.0
101320, 0.0
101334, 1.0
101347, 1.0
101358, 0.0
101373, 0.0
101407, 0.0
101487, 0.0
101510, 0.0
101512, 1.0
101538, 0.0
101556, 0.0
101581, 0.0
101646, 0.0
101655, 0.0
101676, 0.0
101782, 0.0
101820, 0.0
101834, 0.0
101848, 0.0
101859, 0.0
101874, 1.0
101908, 0.0
101999, 1.0
102013, 1.0
102015, 1.0
102038, 0.0
102071, 0.0
102084, 1.0
102156, 0.0
102196, 0.0
102209, 0.0
102283, 0.0
102321, 0.0
102334, 0.0
102349, 1.0
102359, 0.0
102374, 0.0
102408, 1.0
102499, 3.0
102514, 3.0
102516, 3.0
102539, 4.0
102572, 4.0
102584, 4.0
102656, 3.0
102697, 4.0
102710, 4.0
102784, 4.0
102822, 1.0
102835, 3.0
102849, 5.0
102859, 3.0
102874, 4.0
102909, 2.0
103000, 1.0
103015, 1.0
103017, 1.0
103040, 2.0
103072, 1.0
103084, 1.0
103157, 1.0
103198, 1.0
103210, 2.0
103285, 1.0
103323, 4.0
103335, 1.0
103350, 0.0
103360, 1.0
103375, 0.0
103409, 0.0
103500, 1.0
103516, 1.0
103517, 0.0
103540, 1.0
103573, 0.0
103585, 0.0
103657, 1.0
103698, 0.0
103711, 0.0
103786, 0.0
103823, 1.0
103836, 1.0
103851, 1.0
103861, 0.0
103876, 1.0
103910, 1.0
104001, 0.0
104016, 0.0
104018, 1.0
104040, 0.0
104074, 0.0
104085, 1.0
104158, 1.0
104199, 1.0
104212, 0.0
104286, 0.0
104324, 1.0
104336, 0.0
104353, 1.0
104362, 1.0
104377, 0.0
104411, 1.0
104501, 0.0
104516, 1.0
104519, 0.0
104541, 0.0
104575, 0.0
104586, 0.0
104659, 0.0
104699, 0.0
104712, 0.0
104787, 1.0
104824, 0.0
104837, 0.0
104853, 0.0
104863, 0.0
104877, 0.0
104911, 0.0
105002, 0.0
105017, 0.0
105019, 0.0
105042, 0.0
105076, 1.0
105086, 1.0
105159, 0.0
105200, 1.0
105212, 0.0
105287, 0.0
105325, 0.0
105338, 0.0
105354, 1.0
105364, 0.0
105379, 0.0
105412, 0.0
105502, 0.0
105518, 0.0
105520, 0.0
105543, 1.0
105577, 1.0
105586, 0.0
105660, 1.0
105700, 0.0
105713, 0.0
105788, 0.0
105825, 0.0
105839, 0.0
105855, 0.0
105864, 1.0
105880, 0.0
105912, 0.0
106003, 0.0
106018, 0.0
106021, 0.0
106043, 0.0
106078, 0.0
106087, 0.0
106160, 0.0
106200, 0.0
106214, 0.0
106288, 1.0
106326, 0.0
106339, 0.0
106356, 0.0
106365, 0.0
106380, 0.0
106413, 0.0
106504, 0.0
106519, 0.0
106522, 0.0
106544, 0.0
106579, 0.0
106588, 0.0
106661, 0.0
106701, 0.0
106715, 0.0
106789, 0.0
106827, 1.0
106840, 1.0
106857, 1.0
106865, 0.0
106880, 0.0
106914, 0.0
107005, 0.0
107019, 0.0
107023, 0.0
107044, 0.0
107080, 0.0
107088, 0.0
107161, 0.0
107202, 0.0
107216, 0.0
107289, 0.0
107328, 0.0
107340, 0.0
107358, 0.0
107366, 0.0
107381, 0.0
107414, 0.0
107505, 1.0
107520, 1.0
107524, 0.0
107544, 0.0
107581, 0.0
107589, 1.0
107662, 0.0
107702, 1.0
107716, 0.0
107790, 0.0
107829, 1.0
107841, 0.0
107858, 0.0
107866, 1.0
107882, 1.0
107915, 0.0
108005, 1.0
108020, 0.0
108024, 0.0
108045, 0.0
108082, 1.0
108089, 0.0
108163, 1.0
108203, 0.0
108217, 1.0
108290, 0.0
108329, 0.0
108341, 0.0
108359, 1.0
108367, 1.0
108384, 0.0
108415, 0.0
108506, 0.0
108521, 0.0
108524, 1.0
108545, 0.0
108582, 1.0
108590, 1.0
108664, 0.0
108703, 0.0
108718, 1.0
108791, 1.0
108830, 0.0
108842, 0.0
108859, 0.0
108868, 0.0
108885, 0.0
108915, 0.0
109006, 0.0
109022, 0.0
109025, 0.0
109046, 0.0
109083, 1.0
109091, 1.0
109165, 0.0
109204, 0.0
109219, 1.0
109291, 0.0
109331, 1.0
109342, 1.0
109360, 1.0
109368, 0.0
109385, 1.0
109416, 0.0
109507, 0.0
109522, 1.0
109526, 0.0
109547, 0.0
109584, 0.0
109592, 0.0
109665, 0.0
109705, 0.0
109719, 0.0
109792, 1.0
109832, 0.0
109842, 0.0
109860, 0.0
109868, 0.0
109886, 1.0
109916, 0.0
110007, 0.0
110023, 1.0
110027, 0.0
110048, 0.0
110084, 0.0
110092, 0.0
110166, 0.0
110206, 0.0
110220, 0.0
110292, 0.0
110332, 1.0
110342, 0.0
110361, 1.0
110369, 0.0
110387, 0.0
110417, 0.0
110507, 0.0
110523, 0.0
110528, 0.0
110548, 0.0
110585, 0.0
110593, 1.0
110667, 0.0
110706, 0.0
110721, 0.0
110794, 0.0
110833, 0.0
110843, 0.0
110861, 1.0
110870, 1.0
110888, 0.0
110917, 0.0
111008, 0.0
111024, 1.0
111029, 0.0
111049, 1.0
111086, 0.0
111093, 1.0
111167, 0.0
111207, 0.0
111222, 1.0
111294, 0.0
111334, 0.0
111344, 0.0
111362, 0.0
111371, 1.0
111389, 0.0
111417, 0.0
111509, 0.0
111525, 1.0
111530, 0.0
111549, 1.0
111587, 0.0
111594, 0.0
111668, 0.0
111707, 1.0
111723, 1.0
111795, 0.0
111834, 1.0
111844, 1.0
111864, 1.0
111871, 0.0
111890, 2.0
111937, 1.0
112026, 0.0
112030, 1.0
112056, 0.0
112096, 0.0
112113, 1.0
112179, 1.0
112207, 0.0
112242, 0.0
112303, 0.0
112335, 0.0
112344, 0.0
112365, 0.0
112371, 1.0
112390, 1.0
112437, 2.0
112527, 5.0
112528, 3.0
112531, 4.0
112557, 5.0
112597, 5.0
112613, 3.0
112680, 4.0
112708, 4.0
112743, 3.0
112803, 5.0
112835, 5.0
112845, 3.0
112865, 4.0
112872, 3.0
112891, 4.0
112938, 3.0
113027, 1.0
113028, 1.0
113032, 1.0
113058, 1.0
113097, 1.0
113114, 1.0
113181, 1.0
113209, 1.0
113243, 1.0
113304, 0.0
113336, 1.0
113345, 0.0
113366, 1.0
113373, 0.0
113391, 0.0
113440, 0.0
113527, 0.0
113529, 1.0
113533, 0.0
113559, 1.0
113598, 1.0
113615, 1.0
113681, 1.0
113709, 1.0
113744, 1.0
113804, 1.0
113836, 0.0
113846, 0.0
113867, 0.0
113874, 1.0
113892, 0.0
113940, 0.0
114028, 0.0
114030, 1.0
114034, 0.0
114060, 0.0
114099, 0.0
114115, 0.0
114182, 0.0
114210, 0.0
114245, 0.0
114305, 0.0
114337, 1.0
114347, 0.0
114367, 0.0
114375, 1.0
114393, 0.0
114441, 0.0
114529, 0.0
114531, 1.0
114534, 0.0
114560, 0.0
114599, 0.0
114616, 0.0
114682, 1.0
114710, 0.0
114745, 0.0
114805, 0.0
114838, 0.0
114847, 1.0
114867, 0.0
114875, 1.0
114894, 0.0
114942, 0.0
115030, 0.0
115031, 0.0
115034, 0.0
115061, 0.0
115100, 1.0
115117, 1.0
115183, 0.0
115210, 1.0
115246, 0.0
115306, 1.0
115338, 0.0
115348, 0.0
115369, 1.0
115375, 1.0
115394, 0.0
115442, 0.0
115530, 1.0
115532, 0.0
115535, 0.0
115561, 0.0
115601, 0.0
115618, 0.0
115684, 0.0
115711, 0.0
115746, 1.0
115806, 0.0
115838, 1.0
115849, 1.0
115870, 0.0
115876, 1.0
115895, 0.0
115943, 0.0
116031, 0.0
116033, 0.0
116035, 1.0
116062, 0.0
116102, 0.0
116119, 1.0
116184, 0.0
116212, 0.0
116247, 1.0
116307, 1.0
116340, 0.0
116349, 0.0
116370, 1.0
116377, 0.0
116395, 0.0
116444, 0.0
116531, 1.0
116533, 0.0
116536, 1.0
116562, 1.0
116603, 0.0
116619, 0.0
116685, 0.0
116713, 0.0
116748, 0.0
116808, 0.0
116840, 0.0
116850, 1.0
116871, 1.0
116878, 1.0
116896, 1.0
116944, 0.0
117032, 0.0
117033, 0.0
117036, 0.0
117063, 0.0
117104, 0.0
117120, 0.0
117186, 0.0
117213, 0.0
117249, 0.0
117308, 0.0
117341, 0.0
117351, 0.0
117371, 0.0
117378, 0.0
117396, 0.0
117445, 0.0
117533, 1.0
117534, 0.0
117536, 0.0
117563, 0.0
117605, 1.0
117621, 0.0
117687, 0.0
117715, 0.0
117750, 0.0
117809, 0.0
117842, 0.0
117851, 0.0
117873, 1.0
117878, 1.0
117897, 0.0
117946, 0.0
118034, 1.0
118037, 0.0
118064, 0.0
118105, 0.0
118121, 0.0
118188, 1.0
118215, 0.0
118250, 1.0
118309, 0.0
118343, 0.0
118352, 1.0
118373, 0.0
118379, 0.0
118398, 0.0
118446, 1.0
118534, 0.0
118535, 1.0
118538, 1.0
118565, 0.0
118606, 0.0
118622, 0.0
118688, 0.0
118716, 1.0
118751, 1.0
118810, 0.0
118843, 1.0
118853, 0.0
118874, 1.0
118880, 1.0
118898, 1.0
118947, 1.0
119035, 0.0
119036, 1.0
119039, 0.0
119066, 0.0
119107, 1.0
119122, 0.0
119188, 0.0
119217, 0.0
119252, 0.0
119310, 0.0
119344, 0.0
119353, 0.0
119375, 0.0
119381, 0.0
119399, 0.0
119447, 0.0
119535, 1.0
119537, 0.0
119540, 0.0
119566, 0.0
119607, 0.0
119623, 0.0
119689, 0.0
119717, 0.0
119752, 0.0
119810, 0.0
119845, 0.0
119854, 0.0
119875, 1.0
119881, 1.0
119900, 0.0
119948, 1.0
120036, 0.0
120038, 1.0
120040, 0.0
120067, 0.0
120107, 0.0
120124, 0.0
120190, 1.0
120219, 0.0
120253, 1.0
120311, 0.0
120346, 0.0
120354, 1.0
120375, 0.0
120382, 0.0
120401, 1.0
120448, 0.0
120537, 0.0
120539, 0.0
120541, 1.0
120568, 0.0
120608, 0.0
120625, 1.0
120690, 0.0
120719, 0.0
120754, 0.0
120812, 0.0
120847, 0.0
120855, 0.0
120876, 0.0
120883, 0.0
120902, 0.0
120949, 0.0
121037, 0.0
121039, 1.0
121042, 0.0
121069, 0.0
121108, 0.0
121126, 0.0
121191, 0.0
121220, 1.0
121255, 0.0
121312, 0.0
121348, 0.0
121355, 0.0
121377, 0.0
121383, 0.0
121402, 0.0
121449, 0.0
121539, 0.0
121540, 0.0
121542, 0.0
121570, 1.0
121609, 0.0
121626, 0.0
121691, 0.0
121720, 1.0
121756, 1.0
121813, 1.0
121849, 0.0
121855, 1.0
121877, 1.0
121884, 1.0
121902, 2.0
121950, 1.0
122039, 1.0
122041, 1.0
122052, 0.0
122086, 0.0
122123, 0.0
122131, 0.0
122221, 1.0
122223, 0.0
122257, 0.0
122314, 0.0
122350, 0.0
122356, 0.0
122377, 1.0
122384, 1.0
122402, 1.0
122450, 3.0
122540, 3.0
122541, 5.0
122553, 4.0
122587, 4.0
122623, 4.0
122632, 4.0
122721, 5.0
122723, 3.0
122758, 5.0
122814, 4.0
122850, 1.0
122856, 5.0
122878, 3.0
122885, 3.0
122903, 3.0
122950, 0.0
123041, 0.0
123042, 1.0
123054, 1.0
123088, 1.0
123124, 0.0
123133, 0.0
123221, 0.0
123224, 1.0
123259, 0.0
123315, 1.0
123351, 2.0
123357, 1.0
123379, 1.0
123386, 1.0
123403, 0.0
123451, 1.0
123542, 1.0
123555, 1.0
123589, 1.0
123625, 1.0
123633, 1.0
123722, 1.0
123725, 1.0
123760, 1.0
123815, 0.0
123852, 1.0
123857, 1.0
123880, 2.0
123886, 0.0
123904, 0.0
123952, 1.0
124043, 0.0
124044, 0.0
124056, 0.0
124089, 0.0
124125, 1.0
124133, 0.0
124222, 0.0
124226, 1.0
124260, 0.0
124316, 0.0
124353, 0.0
124358, 0.0
124380, 0.0
124387, 1.0
124404, 0.0
124452, 1.0
124544, 0.5
124556, 1.0
124589, 0.0
124626, 0.0
124634, 1.0
124723, 0.0
124727, 0.0
124761, 1.0
124817, 1.0
124854, 0.0
124859, 0.0
124881, 1.0
124887, 0.0
124905, 1.0
124953, 0.0
125045, 0.0
125057, 0.0
125090, 0.0
125127, 0.0
125135, 0.0
125224, 0.0
125228, 0.0
125262, 0.0
125318, 0.0
125354, 1.0
125360, 0.0
125382, 1.0
125388, 0.0
125405, 0.0
125453, 1.0
125546, 0.0
125557, 0.0
125590, 0.0
125628, 0.0
125637, 0.0
125724, 1.0
125729, 0.0
125763, 0.0
125819, 0.0
125855, 1.0
125860, 0.0
125883, 0.0
125889, 0.0
125906, 0.0
125954, 0.0
126047, 0.5
126058, 0.0
126091, 0.0
126128, 0.0
126138, 0.0
126225, 0.0
126230, 0.0
126264, 0.0
126319, 0.0
126356, 0.0
126361, 0.0
126384, 0.0
126390, 0.0
126406, 0.0
126455, 0.0
126547, 0.0
126548, 0.0
126559, 1.0
126591, 0.0
126629, 1.0
126638, 1.0
126726, 0.0
126730, 1.0
126765, 0.0
126819, 0.0
126857, 1.0
126861, 1.0
126885, 0.0
126891, 0.0
126906, 0.0
126955, 1.0
127048, 0.5
127059, 1.0
127092, 1.0
127129, 0.0
127138, 0.0
127226, 0.0
127230, 1.0
127265, 0.0
127320, 0.0
127357, 0.0
127362, 0.0
127386, 0.0
127392, 0.0
127407, 0.0
127455, 0.0
127549, 0.0
127559, 0.0
127593, 0.0
127630, 0.0
127639, 0.0
127727, 0.0
127732, 0.0
127765, 1.0
127821, 0.0
127858, 1.0
127863, 0.0
127886, 1.0
127893, 0.0
127908, 0.0
127956, 0.0
128050, 0.0
128060, 0.0
128094, 1.0
128131, 0.0
128139, 0.0
128227, 0.0
128232, 1.0
128265, 0.0
128321, 0.0
128358, 0.0
128363, 0.0
128387, 1.0
128394, 0.0
128408, 1.0
128457, 1.0
128550, 0.0
128560, 0.0
128595, 0.0
128632, 0.0
128640, 0.0
128728, 1.0
128733, 0.0
128766, 0.0
128821, 1.0
128859, 0.0
128864, 0.0
128888, 0.0
128895, 0.0
128909, 1.0
128957, 1.0
129051, 0.0
129052, 0.0
129062, 0.0
129096, 0.0
129132, 1.0
129140, 1.0
129229, 0.0
129233, 1.0
129267, 0.0
129321, 1.0
129360, 1.0
129365, 1.0
129388, 1.0
129395, 0.0
129410, 0.0
129458, 0.0
129551, 0.0
129552, 0.0
129562, 0.0
129596, 1.0
129633, 0.0
129641, 0.0
129729, 1.0
129733, 0.0
129767, 0.0
129822, 0.0
129860, 1.0
129866, 0.0
129889, 0.0
129896, 0.0
129911, 0.0
129958, 1.0
130052, 0.0
130053, 0.0
130063, 0.0
130097, 0.0
130134, 0.0
130141, 1.0
130229, 0.0
130234, 0.0
130268, 0.0
130322, 0.0
130360, 0.0
130367, 0.0
130390, 1.0
130396, 1.0
130411, 0.0
130459, 0.0
130553, 0.0
130563, 0.0
130597, 0.0
130635, 0.0
130642, 0.0
130730, 1.0
130734, 0.0
130769, 0.0
130823, 0.0
130861, 0.0
130867, 0.0
130891, 0.0
130897, 0.0
130912, 0.0
130960, 1.0
131054, 0.0
131064, 0.0
131097, 0.0
131136, 0.0
131142, 0.0
131231, 0.0
131235, 0.0
131269, 1.0
131323, 0.0
131362, 0.0
131368, 0.0
131392, 0.0
131398, 1.0
131413, 0.0
131460, 0.0
131555, 1.0
131564, 0.0
131598, 1.0
131636, 0.0
131643, 1.0
131731, 1.0
131736, 0.0
131770, 0.0
131824, 0.0
131862, 1.0
131868, 0.0
131892, 1.0
131899, 1.0
131913, 1.0
132055, 1.0
132062, 1.0
132065, 1.0
132111, 0.0
132148, 0.0
132154, 0.0
132155, 0.0
132231, 0.0
132244, 0.0
132276, 0.0
132324, 1.0
132363, 0.0
132369, 0.0
132393, 1.0
132399, 0.0
132414, 1.0
132556, 4.0
132563, 3.0
132565, 3.0
132612, 4.0
132650, 3.0
132655, 3.0
132656, 5.0
132732, 3.0
132745, 4.0
132777, 4.0
132824, 4.0
132863, 4.0
132869, 4.0
132893, 6.0
132900, 6.0
132914, 4.0
133057, 1.0
133063, 1.0
133066, 2.0
133112, 1.0
133151, 1.0
133156, 1.0
133157, 1.0
133232, 1.0
133246, 1.0
133277, 0.0
133325, 1.0
133364, 1.0
133370, 1.0
133394, 1.0
133400, 1.0
133415, 1.0
133558, 1.0
133564, 0.0
133567, 1.0
133613, 0.0
133651, 0.0
133656, 0.0
133658, 1.0
133733, 0.0
133747, 0.0
133778, 0.0
133826, 1.0
133864, 0.0
133871, 0.0
133895, 0.0
133902, 0.0
133915, 1.0
134059, 0.0
134064, 0.0
134068, 0.0
134114, 0.0
134151, 0.0
134157, 0.0
134159, 0.0
134233, 1.0
134247, 0.0
134279, 0.0
134326, 1.0
134364, 1.0
134371, 0.0
134396, 0.0
134402, 0.0
134416, 0.0
134559, 0.0
134565, 1.0
134569, 1.0
134615, 0.0
134652, 0.0
134657, 0.0
134660, 1.0
134734, 0.0
134747, 0.0
134779, 0.0
134827, 0.0
134865, 0.0
134872, 0.0
134897, 0.0
134902, 0.0
134916, 0.0
135059, 0.0
135066, 1.0
135070, 0.0
135116, 0.0
135153, 0.0
135158, 0.0
135160, 1.0
135235, 1.0
135248, 0.0
135280, 0.0
135329, 0.0
135365, 0.0
135373, 0.0
135397, 1.0
135403, 1.0
135417, 0.0
135560, 0.0
135567, 0.0
135570, 1.0
135616, 0.0
135653, 1.0
135659, 0.0
135661, 0.0
135736, 0.0
135749, 1.0
135780, 0.0
135829, 1.0
135865, 0.0
135874, 1.0
135898, 0.0
135903, 0.0
135918, 0.0
136060, 0.0
136068, 0.0
136071, 1.0
136117, 0.0
136154, 0.0
136160, 0.0
136162, 0.0
136237, 0.0
136250, 0.0
136281, 0.0
136329, 0.0
136366, 0.0
136374, 0.0
136398, 1.0
136404, 0.0
136418, 0.0
136561, 0.0
136568, 0.0
136571, 0.0
136617, 1.0
136655, 0.0
136660, 0.0
136663, 1.0
136738, 0.0
136750, 0.0
136782, 0.0
136829, 0.0
136867, 0.0
136875, 0.0
136899, 0.0
136905, 0.0
136919, 0.0
137062, 0.0
137069, 0.0
137072, 0.0
137118, 0.0
137155, 1.0
137160, 0.0
137163, 0.0
137239, 0.0
137250, 0.0
137282, 1.0
137330, 0.0
137368, 0.0
137375, 0.0
137399, 1.0
137406, 0.0
137419, 0.0
137563, 0.0
137570, 0.0
137573, 1.0
137618, 1.0
137656, 0.0
137661, 1.0
137664, 0.0
137740, 0.0
137751, 0.0
137783, 0.0
137831, 0.0
137869, 1.0
137876, 1.0
137900, 0.0
137906, 0.0
137919, 0.0
138064, 1.0
138070, 0.0
138074, 1.0
138119, 0.0
138156, 1.0
138161, 0.0
138164, 0.0
138241, 0.0
138252, 0.0
138284, 1.0
138331, 1.0
138370, 0.0
138377, 0.0
138400, 0.0
138407, 0.0
138419, 0.0
138565, 1.0
138571, 0.0
138574, 0.0
138619, 0.0
138657, 1.0
138662, 0.0
138665, 0.0
138741, 1.0
138752, 0.0
138784, 1.0
138831, 0.0
138870, 0.0
138877, 1.0
138901, 0.0
138908, 0.0
138920, 0.0
139066, 0.0
139072, 0.0
139075, 1.0
139119, 0.0
139157, 0.0
139163, 0.0
139166, 0.0
139241, 0.0
139253, 0.0
139285, 0.0
139332, 0.0
139371, 0.0
139378, 0.0
139402, 1.0
139409, 0.0
139420, 0.0
139566, 0.0
139573, 0.0
139575, 0.0
139620, 0.0
139658, 0.0
139664, 0.0
139666, 0.0
139743, 0.0
139754, 0.0
139786, 0.0
139833, 1.0
139871, 0.0
139878, 1.0
139903, 0.0
139909, 0.0
139920, 0.0
140067, 0.0
140074, 0.0
140076, 1.0
140121, 0.0
140159, 0.0
140165, 0.0
140167, 1.0
140243, 0.0
140255, 0.0
140287, 0.0
140334, 1.0
140372, 1.0
140379, 0.0
140403, 1.0
140410, 0.0
140420, 0.0
140568, 0.0
140575, 0.0
140576, 0.0
140622, 0.0
140659, 0.0
140665, 0.0
140668, 0.0
140744, 0.0
140756, 1.0
140787, 0.0
140834, 0.0
140872, 0.0
140879, 1.0
140904, 1.0
140911, 0.0
140921, 0.0
141069, 1.0
141076, 0.0
141077, 0.0
141122, 0.0
141159, 0.0
141166, 0.0
141168, 0.0
141245, 0.0
141256, 1.0
141288, 0.0
141336, 0.0
141373, 0.0
141380, 0.0
141404, 0.0
141412, 0.0
141422, 1.0
141569, 0.0
141576, 0.0
141578, 0.0
141623, 0.0
141660, 0.0
141666, 1.0
141669, 0.0
141747, 0.0
141757, 0.0
141788, 1.0
141836, 1.0
141881, 1.0
141886, 0.0
141913, 1.0
141921, 0.0
141923, 1.0
142070, 1.0
142076, 0.0
142078, 1.0
142124, 1.0
142160, 0.0
142167, 1.0
142170, 1.0
142247, 4.0
142257, 2.0
142289, 3.0
142337, 4.0
142382, 4.0
142387, 1.0
142413, 4.0
142421, 5.0
142423, 3.0
142570, 5.0
142576, 3.0
142578, 3.0
142624, 4.0
142660, 3.0
142668, 5.0
142671, 4.0
142748, 4.0
142757, 2.0
142790, 1.0
142838, 1.0
142882, 1.0
142888, 3.0
142914, 1.0
142921, 1.0
142924, 1.0
143071, 1.0
143077, 1.0
143078, 1.0
143125, 1.0
143161, 1.0
143168, 1.0
143172, 1.0
143248, 1.0
143257, 1.0
143290, 1.0
143339, 1.0
143383, 1.0
143389, 2.0
143415, 1.0
143422, 1.0
143425, 1.0
143571, 1.0
143578, 1.0
143579, 0.0
143626, 1.0
143661, 1.0
143669, 1.0
143673, 1.0
143749, 0.0
143758, 1.0
143791, 0.0
143840, 1.0
143883, 0.0
143890, 1.0
143915, 1.0
143923, 1.0
143926, 0.0
144072, 1.0
144078, 0.0
144080, 1.0
144126, 0.0
144162, 1.0
144169, 1.0
144174, 1.0
144250, 1.0
144258, 3.0
144291, 2.0
144340, 2.0
144383, 3.0
144390, 3.0
144415, 3.0
144423, 3.0
144427, 3.0
144572, 2.0
144579, 4.0
144580, 3.0
144627, 3.0
144662, 2.0
144670, 2.0
144674, 2.0
144750, 1.0
144759, 1.0
144791, 2.0
144841, 1.0
144884, 0.0
