0, 1870.0
11, 1882.0
13, 1883.0
19, 1901.5
32, 1925.0
33, 1923.0
35, 1937.0
37, 1938.0
40, 1931.0
2072, 3742.0
2081, 3753.0
2083, 3749.0
2102, 3743.0
2115, 3789.0
2118, 3795.0
2128, 3786.0
2132, 3791.0
2133, 3777.0
2136, 3795.0
4349, 3470.0
4388, 3748.0
4401, 3557.0
4493, 3487.0
4494, 3387.0
4508, 3612.0
4516, 3791.0
4521, 3571.0
4522, 3500.0
4523, 3758.0
4572, 3754.0
6366, 3728.0
6387, 3825.0
6394, 3804.0
6412, 3661.0
6416, 3282.0
6425, 3875.0
6432, 3599.0
6454, 3765.0
6468, 4028.0
6492, 4096.0
6671, 4031.0
8328, 3813.0
8356, 3781.0
8399, 3514.0
8439, 3454.0
8442, 4096.0
8452, 3922.0
8492, 3719.0
8512, 4067.0
8516, 4096.0
8567, 3465.0
8569, 3590.0
8590, 4096.0
8609, 4096.0
8611, 4096.0
8626, 4096.0
8660, 4096.0
10442, 3777.0
10457, 3823.0
10459, 4042.0
10477, 3744.0
10494, 4096.0
10497, 3883.0
10510, 3773.0
10517, 3886.0
10535, 3872.0
10537, 3773.0
10556, 3859.0
12655, 3862.0
12748, 3806.0
12769, 3770.0
12837, 3776.0
12839, 3850.0
12895, 4044.0
12920, 3721.0
12973, 3812.0
13032, 4096.0
13091, 4087.0
13202, 3546.0
14751, 3698.0
14773, 3616.0
14808, 3746.0
14827, 3756.0
14868, 3752.0
14883, 3783.0
14989, 3978.0
15048, 3727.0
15087, 3608.0
15104, 3852.0
15192, 3721.0
16418, 3776.0
16483, 3819.0
16551, 3718.0
16603, 4096.0
16639, 3826.0
16667, 3841.0
16714, 3819.0
16792, 3933.0
16917, 3873.0
17873, 4096.0
18417, 4096.0
18441, 3686.0
18502, 3725.0
18591, 4096.0
18633, 3803.0
18641, 4096.0
18703, 4096.0
18755, 3728.0
18761, 3554.0
18772, 4096.0
18789, 3669.0
18804, 4096.0
18845, 3758.0
18863, 3357.0
18913, 3629.0
19006, 3574.0
20372, 3772.0
20502, 3748.0
20512, 4096.0
20672, 3921.0
20677, 3975.0
20720, 4096.0
20736, 3993.0
20762, 4096.0
20804, 3876.0
20832, 3877.0
20918, 4096.0
23020, 3629.0
23191, 3621.0
23327, 4096.0
23406, 3802.0
23420, 4089.0
23430, 3702.0
23477, 3551.0
23513, 3604.0
23523, 4096.0
23608, 3546.0
23665, 3827.0
24300, 3990.0
24596, 4096.0
24671, 3989.0
24717, 3892.0
24845, 3797.0
24967, 4096.0
24996, 3828.0
25202, 3966.0
25382, 3827.0
25458, 3667.0
25860, 4096.0
26830, 3583.0
26860, 3577.0
27103, 3661.0
27147, 3430.0
27268, 3545.0
27322, 4008.0
27343, 3786.0
27399, 3768.0
27431, 3884.0
27484, 4096.0
27527, 3776.0
28204, 4096.0
28222, 4096.0
28736, 4096.0
28746, 4096.0
28792, 3893.0
28822, 3782.0
28833, 3945.0
28881, 4096.0
29201, 3710.0
29223, 3962.0
29277, 3852.0
29298, 3844.0
29334, 3936.0
29337, 3964.0
29391, 3716.0
29450, 3876.0
30979, 688.0
31037, 1637.0
31069, 532.0
31092, 1684.0
31114, 58.0
31166, 579.0
31313, 1524.0
31368, 859.0
31481, 1191.0
31606, 1336.0
31633, 1298.0
32179, 0.0
32437, 0.0
32445, 0.0
32548, 0.0
32640, 0.0
32687, 0.0
32749, 0.0
32759, 0.0
32772, 0.0
32815, 0.0
33101, 0.0
34184, 0.0
34438, 0.0
34446, 0.0
34549, 0.0
34641, 0.0
34688, 0.0
34750, 0.0
34773, 0.0
34780, 0.0
34816, 0.0
35102, 0.0
36185, 0.0
36438, 0.0
36446, 0.0
36549, 0.0
36641, 0.0
36688, 0.0
36750, 0.0
36773, 0.0
36780, 0.0
36816, 0.0
37102, 0.0
38110, 4096.0
38124, 4096.0
38128, 4096.0
38132, 4096.0
38147, 4096.0
38186, 0.0
38439, 0.0
38447, 0.0
38549, 0.0
38642, 0.0
38700, 0.0
38756, 0.0
38777, 0.0
38856, 0.0
39087, 0.0
39107, 0.0
40187, 0.0
40440, 0.0
40448, 0.0
40550, 0.0
40642, 0.0
40757, 0.0
40856, 0.0
40899, 0.0
41087, 0.0
41104, 0.0
41109, 0.0
42187, 0.0
42440, 0.0
42449, 0.0
42550, 0.0
42643, 0.0
42757, 0.0
42857, 0.0
42900, 0.0
43088, 0.0
43105, 0.0
43109, 0.0
44188, 0.0
44441, 0.0
44449, 0.0
44550, 0.0
44643, 0.0
44758, 0.0
44858, 0.0
44900, 0.0
45089, 0.0
45106, 0.0
45109, 0.0
46188, 0.0
46442, 0.0
46450, 0.0
46551, 0.0
46644, 0.0
46758, 0.0
46858, 0.0
46901, 0.0
47089, 0.0
47106, 0.0
47110, 0.0
48124, 4096.0
48130, 4096.0
48156, 4096.0
48158, 4096.0
48162, 4096.0
48199, 0.0
48442, 0.0
48450, 0.0
48552, 0.0
48645, 0.0
48768, 0.0
48871, 0.0
48906, 0.0
49097, 0.0
49106, 0.0
49117, 0.0
50199, 0.0
50442, 0.0
50451, 0.0
50552, 0.0
50646, 0.0
50769, 0.0
50929, 0.0
51089, 0.0
51173, 0.0
51205, 0.0
51208, 0.0
52200, 0.0
52443, 0.0
52452, 0.0
52552, 0.0
52647, 0.0
52770, 0.0
52929, 0.0
53090, 0.0
53174, 0.0
53206, 0.0
53208, 0.0
54201, 0.0
54443, 0.0
54453, 0.0
54553, 0.0
54648, 0.0
54771, 0.0
54930, 0.0
55091, 0.0
55175, 0.0
55206, 0.0
55209, 0.0
56201, 0.0
56443, 0.0
56453, 0.0
56553, 0.0
56648, 0.0
56771, 0.0
56931, 0.0
57091, 0.0
57175, 0.0
57206, 0.0
57210, 0.0
58137, 4096.0
58156, 4096.0
58158, 4096.0
58164, 4096.0
58172, 4096.0
58202, 0.0
58444, 0.0
58453, 0.0
58554, 0.0
58656, 0.0
58774, 0.0
58933, 0.0
59096, 0.0
59190, 0.0
59220, 0.0
59291, 0.0
60202, 0.0
60444, 0.0
60454, 0.0
60555, 0.0
60758, 0.0
60875, 0.0
60974, 0.0
61117, 0.0
61210, 0.0
61241, 0.0
61291, 0.0
62203, 0.0
62444, 0.0
62456, 0.0
62555, 0.0
62759, 0.0
62876, 0.0
62974, 0.0
63117, 0.0
63211, 0.0
63241, 0.0
63292, 0.0
68165, 4096.0
68170, 4096.0
68174, 4096.0
68189, 4096.0
68197, 4096.0
78190, 4096.0
78192, 4096.0
78200, 4096.0
78223, 4096.0
88203, 4096.0
88212, 4096.0
88214, 4096.0
88217, 4096.0
88237, 4096.0
98214, 4096.0
98219, 4096.0
98225, 4096.0
98255, 4096.0
108227, 4096.0
108238, 4096.0
108239, 4096.0
108249, 4096.0
108267, 4096.0
118238, 4096.0
118246, 4096.0
118254, 4096.0
118261, 4096.0
118282, 4096.0
128254, 4096.0
128260, 4096.0
128269, 4096.0
128281, 4096.0
128302, 4096.0
138226, 2928.0
138228, 2928.0
138242, 2929.0
138255, 2929.0
138280, 2929.0
148121, 0.0
148134, 0.0
148150, 0.0
148166, 0.0
148190, 0.0
