0, 82.0
7, 82.0
10, 82.0
64, 83.0
500, 91.0
508, 91.0
517, 91.0
566, 90.0
1002, 87.0
1010, 87.0
1025, 86.0
1067, 87.0
1503, 87.0
1511, 87.0
1527, 88.0
1567, 88.0
2005, 89.0
2013, 89.0
2027, 89.0
2069, 89.0
2513, 88.0
2514, 88.0
2528, 88.0
2570, 87.0
3018, 81.0
3019, 81.0
3030, 81.0
3072, 81.0
3519, 77.0
3531, 78.0
3572, 78.0
4021, 80.0
4032, 80.0
4073, 80.0
4521, 80.0
4534, 79.0
4574, 78.0
5023, 81.0
5034, 82.0
5075, 83.0
5524, 82.0
5525, 82.0
5538, 82.0
5576, 82.0
6025, 81.0
6039, 81.0
6077, 81.0
6526, 88.0
6540, 88.0
6579, 88.0
7027, 86.0
7028, 86.0
7041, 86.0
7080, 85.0
7528, 89.0
7529, 89.0
7541, 89.0
7581, 89.0
8029, 84.0
8031, 84.0
8042, 84.0
8083, 84.0
8530, 90.0
8532, 90.0
8544, 91.0
8584, 91.0
9031, 85.0
9034, 85.0
9045, 85.0
9085, 84.0
9532, 89.0
9535, 89.0
9546, 89.0
9589, 89.0
10033, 86.0
10036, 86.0
10048, 86.0
10091, 86.0
10534, 88.0
10538, 88.0
10549, 88.0
10594, 88.0
11035, 84.0
11040, 84.0
11050, 84.0
11094, 84.0
11536, 89.0
11540, 89.0
11551, 89.0
11596, 90.0
12036, 85.0
12042, 85.0
12052, 85.0
12097, 84.0
12538, 88.0
12543, 88.0
12553, 88.0
12598, 88.0
13039, 84.0
13044, 84.0
13054, 85.0
13099, 85.0
13540, 90.0
13549, 90.0
13554, 90.0
13600, 89.0
14041, 84.0
14051, 85.0
14055, 85.0
14100, 85.0
14542, 91.0
14551, 91.0
14556, 91.0
14602, 90.0
15044, 85.0
15053, 85.0
15058, 85.0
15102, 85.0
15545, 92.0
15554, 92.0
15562, 92.0
15603, 92.0
16045, 84.0
16055, 84.0
16063, 84.0
16104, 84.0
16546, 91.0
16556, 91.0
16565, 91.0
16606, 91.0
17047, 83.0
17058, 83.0
17065, 83.0
17107, 82.0
17548, 88.0
17559, 87.0
17566, 88.0
17608, 87.0
18049, 84.0
18060, 84.0
18067, 84.0
18109, 84.0
18551, 89.0
18561, 89.0
18568, 89.0
18610, 89.0
19051, 79.0
19062, 80.0
19069, 79.0
19113, 79.0
19552, 90.0
19563, 90.0
19570, 90.0
19614, 91.0
20054, 89.0
20064, 89.0
20071, 89.0
20116, 89.0
20554, 91.0
20566, 91.0
20573, 91.0
20616, 91.0
21055, 88.0
21067, 88.0
21074, 88.0
21118, 88.0
21556, 87.0
21569, 87.0
21575, 87.0
21618, 86.0
22056, 85.0
22071, 85.0
22077, 85.0
22120, 85.0
22558, 87.0
22571, 87.0
22578, 87.0
22621, 87.0
23058, 84.0
23073, 84.0
23079, 84.0
23122, 84.0
23559, 90.0
23574, 89.0
23580, 89.0
23623, 89.0
24060, 84.0
24076, 84.0
24080, 84.0
24124, 83.0
24561, 88.0
24577, 88.0
24581, 88.0
24625, 88.0
25063, 87.0
25078, 86.0
25082, 87.0
25127, 88.0
25563, 90.0
25579, 90.0
25582, 90.0
25627, 90.0
26065, 85.0
26080, 85.0
26083, 85.0
26128, 86.0
26567, 89.0
26581, 89.0
26590, 89.0
26629, 87.0
27068, 84.0
27082, 84.0
27091, 84.0
27130, 85.0
27570, 88.0
27583, 88.0
27592, 88.0
27632, 88.0
28071, 87.0
28084, 87.0
28094, 87.0
28133, 86.0
28572, 85.0
28585, 85.0
28595, 86.0
28634, 86.0
29073, 84.0
29086, 84.0
29096, 84.0
29135, 84.0
29574, 91.0
29587, 91.0
29598, 92.0
29636, 92.0
30074, 85.0
30089, 85.0
30099, 85.0
30137, 84.0
30576, 88.0
30590, 88.0
30600, 88.0
30639, 88.0
31076, 83.0
31091, 83.0
31101, 83.0
31141, 84.0
31578, 88.0
31592, 88.0
31602, 88.0
31642, 88.0
32079, 84.0
32093, 84.0
32103, 84.0
32143, 84.0
32580, 89.0
32594, 89.0
32605, 89.0
32644, 89.0
33081, 90.0
33095, 90.0
33106, 89.0
33145, 89.0
33582, 94.0
33596, 94.0
33608, 94.0
33646, 95.0
34083, 93.0
34097, 94.0
34108, 94.0
34148, 94.0
34585, 95.0
34598, 94.0
34609, 94.0
34649, 94.0
35086, 92.0
35099, 92.0
35110, 92.0
35150, 93.0
35587, 93.0
35600, 92.0
35611, 92.0
35651, 92.0
36087, 92.0
36102, 92.0
36112, 92.0
36153, 92.0
36589, 94.0
36602, 94.0
36617, 94.0
36654, 93.0
37090, 93.0
37103, 92.0
37118, 93.0
37155, 93.0
37593, 93.0
37604, 93.0
37620, 93.0
37656, 93.0
38094, 93.0
38105, 94.0
38121, 93.0
38157, 93.0
38596, 96.0
38617, 96.0
38622, 96.0
38659, 96.0
39097, 93.0
39118, 93.0
39123, 93.0
39160, 93.0
39598, 95.0
39620, 95.0
39625, 95.0
39664, 95.0
40100, 94.0
40121, 94.0
40126, 94.0
40165, 95.0
40601, 94.0
40621, 94.0
40627, 94.0
40667, 94.0
41102, 93.0
41123, 93.0
41128, 93.0
41168, 92.0
41603, 95.0
41628, 96.0
41629, 95.0
41670, 96.0
42104, 94.0
42130, 94.0
42170, 94.0
42605, 94.0
42630, 94.0
42637, 94.0
42671, 93.0
43106, 91.0
43132, 91.0
43139, 91.0
43172, 92.0
43608, 94.0
43632, 94.0
43640, 94.0
43673, 94.0
44109, 94.0
44133, 94.0
44141, 94.0
44175, 94.0
44610, 95.0
44634, 95.0
44642, 95.0
44676, 95.0
45111, 94.0
45135, 94.0
45143, 94.0
45178, 95.0
45613, 93.0
45639, 94.0
45643, 93.0
45678, 93.0
46114, 94.0
46141, 94.0
46144, 94.0
46179, 94.0
46616, 94.0
46642, 94.0
46646, 94.0
46680, 94.0
47117, 92.0
47143, 92.0
47147, 92.0
47189, 92.0
47618, 96.0
47644, 96.0
47648, 96.0
47690, 96.0
48120, 95.0
48146, 96.0
48150, 96.0
48191, 95.0
48620, 96.0
48646, 94.0
48651, 94.0
48692, 94.0
49121, 95.0
49148, 95.0
49152, 95.0
49194, 96.0
49623, 95.0
49649, 95.0
49653, 95.0
49695, 95.0
50123, 93.0
50150, 93.0
50154, 93.0
50196, 93.0
50624, 96.0
50651, 96.0
50656, 96.0
50697, 96.0
51126, 94.0
51152, 94.0
51157, 94.0
51198, 94.0
51627, 95.0
51653, 96.0
51658, 96.0
51700, 96.0
52127, 93.0
52154, 93.0
52158, 93.0
52200, 92.0
52629, 95.0
52654, 95.0
52659, 95.0
52701, 95.0
53130, 93.0
53155, 92.0
53161, 92.0
53202, 93.0
53631, 96.0
53657, 95.0
53663, 96.0
53704, 95.0
54132, 93.0
54158, 94.0
54163, 93.0
54205, 93.0
54633, 94.0
54659, 93.0
54664, 93.0
54706, 93.0
55134, 93.0
55160, 93.0
55165, 93.0
55207, 93.0
55635, 94.0
55661, 94.0
55667, 94.0
55708, 94.0
56136, 92.0
56162, 92.0
56167, 92.0
56209, 92.0
56636, 94.0
56664, 94.0
56668, 94.0
56711, 95.0
57138, 95.0
57166, 94.0
57173, 94.0
57212, 94.0
57639, 96.0
57668, 95.0
57675, 95.0
57713, 95.0
58139, 92.0
58168, 92.0
58177, 92.0
58213, 93.0
58640, 93.0
58669, 93.0
58679, 93.0
58714, 93.0
59140, 92.0
59174, 93.0
59180, 92.0
59215, 92.0
59642, 94.0
59675, 94.0
59682, 94.0
59717, 94.0
60143, 93.0
60175, 93.0
60182, 92.0
60217, 93.0
60644, 95.0
60677, 94.0
60684, 94.0
60719, 95.0
61145, 93.0
61178, 93.0
61184, 93.0
61220, 93.0
61646, 96.0
61679, 96.0
61685, 96.0
61721, 95.0
62148, 93.0
62182, 93.0
62185, 93.0
62222, 93.0
62649, 94.0
62683, 94.0
62687, 94.0
62723, 95.0
63150, 93.0
63184, 94.0
63187, 94.0
63223, 93.0
63652, 95.0
63686, 95.0
63689, 95.0
63724, 95.0
64152, 94.0
64187, 94.0
64190, 94.0
64225, 94.0
64653, 96.0
64688, 95.0
64691, 95.0
64725, 95.0
65154, 89.0
65189, 89.0
65192, 89.0
65227, 89.0
65655, 94.0
65689, 94.0
65692, 94.0
65728, 94.0
66156, 92.0
66190, 92.0
66194, 92.0
66230, 92.0
66658, 92.0
66691, 92.0
66695, 92.0
66731, 92.0
67159, 94.0
67191, 94.0
67196, 94.0
67233, 93.0
67660, 94.0
67693, 95.0
67696, 95.0
67733, 95.0
68162, 94.0
68194, 94.0
68197, 94.0
68235, 94.0
68663, 94.0
68695, 94.0
68698, 94.0
68736, 95.0
69165, 96.0
69196, 95.0
69216, 95.0
69238, 95.0
69666, 95.0
69696, 95.0
69717, 95.0
69738, 95.0
70169, 96.0
70198, 96.0
70218, 96.0
70239, 96.0
70670, 96.0
70699, 96.0
70719, 96.0
70740, 95.0
71171, 92.0
71200, 92.0
71220, 92.0
71241, 93.0
71672, 93.0
71702, 93.0
71721, 93.0
71742, 93.0
72174, 95.0
72203, 95.0
72222, 95.0
72243, 95.0
72681, 94.0
72704, 93.0
72723, 93.0
72744, 94.0
73182, 94.0
73205, 95.0
73223, 95.0
73244, 95.0
73683, 93.0
73706, 94.0
73725, 94.0
73746, 93.0
74185, 96.0
74207, 95.0
74233, 96.0
74247, 96.0
74687, 96.0
74708, 96.0
74735, 96.0
74748, 96.0
75188, 95.0
75209, 94.0
75236, 94.0
75249, 94.0
75689, 95.0
75710, 96.0
75736, 96.0
75750, 96.0
76190, 96.0
76212, 95.0
76238, 95.0
76252, 95.0
76691, 95.0
76713, 96.0
76738, 96.0
76753, 96.0
77192, 95.0
77214, 96.0
77240, 95.0
77254, 96.0
77693, 94.0
77715, 94.0
77741, 94.0
77757, 94.0
78194, 93.0
78216, 94.0
78242, 94.0
78259, 94.0
78695, 92.0
78717, 92.0
78743, 92.0
78760, 92.0
79196, 95.0
79217, 95.0
79244, 95.0
79261, 95.0
79696, 96.0
79718, 96.0
79746, 97.0
79762, 97.0
80205, 95.0
80219, 95.0
80246, 95.0
80262, 95.0
80706, 95.0
80720, 95.0
80748, 95.0
80763, 95.0
81207, 96.0
81222, 96.0
81249, 96.0
81264, 96.0
81708, 94.0
81723, 94.0
81750, 94.0
81765, 94.0
82209, 95.0
82225, 95.0
82251, 95.0
82266, 95.0
82710, 94.0
82727, 94.0
82752, 94.0
82767, 94.0
83211, 95.0
83228, 95.0
83264, 95.0
83268, 95.0
83713, 97.0
83729, 96.0
83764, 96.0
83769, 96.0
84214, 95.0
84230, 95.0
84266, 95.0
84270, 95.0
84715, 93.0
84731, 93.0
84767, 93.0
84771, 93.0
85216, 96.0
85233, 96.0
85268, 96.0
85272, 96.0
85725, 94.0
85734, 95.0
85770, 94.0
85774, 94.0
86226, 95.0
86235, 95.0
86270, 95.0
86274, 95.0
86728, 97.0
86735, 97.0
86771, 97.0
86775, 97.0
87229, 96.0
87237, 96.0
87273, 96.0
87276, 96.0
87730, 95.0
87738, 94.0
87773, 95.0
87777, 95.0
88231, 96.0
88239, 96.0
88274, 96.0
88278, 96.0
88733, 96.0
88740, 96.0
88775, 96.0
88781, 96.0
89234, 96.0
89241, 96.0
89276, 96.0
89282, 96.0
89736, 95.0
89742, 95.0
89781, 96.0
89784, 95.0
90237, 95.0
90243, 95.0
90284, 94.0
90285, 94.0
90738, 93.0
90749, 93.0
90785, 94.0
90786, 94.0
91239, 96.0
91250, 96.0
91286, 96.0
91740, 96.0
91751, 96.0
91787, 96.0
91788, 96.0
92242, 96.0
92253, 95.0
92288, 95.0
92289, 95.0
92743, 93.0
92753, 93.0
92790, 93.0
93244, 97.0
93254, 97.0
93291, 96.0
93297, 96.0
93746, 96.0
93754, 96.0
93792, 96.0
93798, 96.0
94247, 95.0
94255, 95.0
94293, 95.0
94299, 95.0
94747, 92.0
94756, 92.0
94794, 92.0
94800, 92.0
95248, 94.0
95257, 94.0
95296, 94.0
95301, 94.0
95750, 95.0
95758, 95.0
95797, 95.0
95805, 95.0
96252, 94.0
96259, 94.0
96298, 94.0
96307, 94.0
96754, 93.0
96760, 93.0
96799, 92.0
96809, 92.0
97255, 94.0
97261, 94.0
97300, 94.0
97309, 94.0
97756, 95.0
97762, 95.0
97802, 95.0
97810, 95.0
98257, 94.0
98269, 94.0
98304, 94.0
98311, 94.0
98758, 93.0
98771, 93.0
98804, 93.0
98812, 93.0
99259, 94.0
99272, 94.0
99305, 94.0
99314, 94.0
99760, 94.0
99774, 94.0
99806, 94.0
99815, 94.0
100261, 93.0
100275, 93.0
100308, 93.0
100316, 93.0
100762, 96.0
100778, 96.0
100809, 96.0
100818, 96.0
101263, 96.0
101278, 95.0
101310, 95.0
101318, 95.0
101764, 94.0
101780, 95.0
101810, 94.0
101819, 94.0
102266, 94.0
102281, 94.0
102312, 94.0
102320, 94.0
102767, 95.0
102782, 95.0
102812, 95.0
102821, 95.0
103268, 96.0
103283, 96.0
103314, 97.0
103322, 96.0
103769, 97.0
103784, 97.0
103815, 97.0
103823, 97.0
104270, 97.0
104286, 97.0
104318, 96.0
104324, 96.0
104772, 96.0
104786, 96.0
104819, 97.0
104825, 97.0
105273, 95.0
105287, 95.0
105319, 95.0
105326, 95.0
105774, 95.0
105788, 95.0
105820, 95.0
105827, 94.0
106275, 93.0
106289, 94.0
106321, 94.0
106327, 94.0
106785, 94.0
106793, 94.0
106822, 94.0
106828, 94.0
107286, 95.0
107295, 95.0
107323, 95.0
107334, 95.0
107787, 95.0
107796, 95.0
107824, 95.0
107834, 95.0
108289, 95.0
108297, 95.0
108325, 95.0
108335, 95.0
108793, 93.0
108798, 93.0
108827, 92.0
108836, 92.0
109294, 96.0
109299, 96.0
109328, 96.0
109338, 96.0
109795, 94.0
109800, 94.0
109829, 95.0
109840, 95.0
110296, 93.0
110301, 93.0
110330, 93.0
110341, 93.0
110797, 97.0
110802, 97.0
110832, 97.0
110842, 97.0
111299, 96.0
111303, 96.0
111333, 96.0
111343, 96.0
111799, 94.0
111805, 94.0
111834, 94.0
111844, 94.0
112305, 95.0
112306, 94.0
112336, 94.0
112345, 94.0
112806, 96.0
112807, 96.0
112837, 97.0
112849, 96.0
113307, 95.0
113309, 96.0
113339, 95.0
113349, 95.0
113809, 95.0
113810, 95.0
113840, 95.0
113850, 95.0
114310, 96.0
114312, 96.0
114341, 96.0
114352, 96.0
114811, 93.0
114813, 93.0
114842, 93.0
114853, 93.0
115312, 95.0
115314, 95.0
115342, 95.0
115354, 95.0
115813, 95.0
115816, 95.0
115843, 95.0
115854, 94.0
116314, 94.0
116317, 94.0
116345, 94.0
116356, 95.0
116815, 96.0
116818, 97.0
116845, 97.0
116857, 96.0
117315, 95.0
117319, 95.0
117346, 95.0
117357, 95.0
117816, 94.0
117820, 94.0
117847, 94.0
117858, 94.0
118317, 95.0
118321, 95.0
118347, 95.0
118359, 95.0
118819, 93.0
118823, 93.0
118848, 93.0
118861, 93.0
119320, 95.0
119324, 95.0
119349, 95.0
119362, 95.0
119821, 95.0
119825, 95.0
119850, 95.0
119863, 95.0
120322, 96.0
120327, 96.0
120352, 96.0
120365, 96.0
120823, 92.0
120829, 92.0
120852, 92.0
120866, 92.0
121325, 96.0
121330, 96.0
121354, 97.0
121366, 96.0
121826, 95.0
121831, 95.0
121857, 95.0
121867, 95.0
122326, 96.0
122333, 96.0
122358, 96.0
122368, 96.0
122827, 96.0
122834, 96.0
122860, 96.0
122869, 96.0
123329, 96.0
123335, 96.0
123361, 96.0
123370, 96.0
123830, 95.0
123836, 94.0
123863, 94.0
123871, 94.0
124331, 92.0
124337, 92.0
124364, 92.0
124372, 92.0
124832, 94.0
124837, 94.0
124865, 94.0
124874, 94.0
125333, 93.0
125338, 93.0
125366, 93.0
125375, 93.0
125835, 94.0
125839, 94.0
125867, 94.0
125876, 94.0
126335, 96.0
126340, 96.0
126367, 96.0
126381, 96.0
126837, 94.0
126841, 94.0
126869, 94.0
126883, 94.0
127337, 95.0
127342, 95.0
127369, 94.0
127384, 95.0
127839, 95.0
127842, 95.0
127870, 95.0
127885, 95.0
128339, 96.0
128344, 96.0
128371, 96.0
128386, 96.0
128840, 94.0
128845, 94.0
128873, 94.0
128887, 94.0
129340, 94.0
129346, 94.0
129374, 94.0
129388, 94.0
129841, 94.0
129847, 94.0
129875, 94.0
129889, 94.0
130342, 96.0
130348, 96.0
130376, 95.0
130390, 95.0
130843, 95.0
130849, 95.0
130877, 95.0
130891, 95.0
131344, 95.0
131350, 94.0
131378, 95.0
131391, 95.0
131845, 95.0
131851, 95.0
131879, 94.0
131892, 94.0
132345, 91.0
132353, 91.0
132379, 92.0
132394, 92.0
132847, 92.0
132854, 92.0
132881, 93.0
132894, 93.0
133348, 96.0
133354, 96.0
133381, 96.0
133396, 96.0
133849, 96.0
133855, 96.0
133882, 96.0
133897, 96.0
134349, 95.0
134356, 95.0
134391, 94.0
134397, 94.0
134850, 93.0
134857, 92.0
134892, 93.0
134898, 93.0
135351, 94.0
135359, 94.0
135392, 95.0
135399, 95.0
135853, 95.0
135860, 95.0
135893, 95.0
135900, 95.0
136354, 89.0
136361, 89.0
136395, 90.0
136401, 90.0
136855, 92.0
136862, 92.0
136896, 91.0
136902, 91.0
137357, 87.0
137363, 87.0
137397, 87.0
137403, 88.0
137858, 95.0
137863, 95.0
137897, 95.0
137904, 95.0
138359, 93.0
138364, 93.0
138398, 93.0
138405, 94.0
138860, 93.0
138866, 93.0
138898, 93.0
138906, 93.0
139361, 97.0
139367, 97.0
139399, 97.0
139413, 97.0
139868, 97.0
139869, 97.0
139901, 96.0
139914, 96.0
140369, 93.0
140370, 93.0
140402, 94.0
140414, 93.0
140869, 95.0
140871, 95.0
140906, 94.0
140915, 94.0
141370, 94.0
141372, 94.0
141407, 94.0
141416, 94.0
141871, 94.0
141873, 94.0
141908, 94.0
141916, 94.0
142372, 94.0
142375, 94.0
142408, 94.0
142417, 95.0
142873, 94.0
142876, 94.0
142909, 93.0
142918, 93.0
143375, 94.0
143377, 94.0
143410, 95.0
143419, 95.0
143875, 94.0
143878, 94.0
143911, 94.0
143920, 94.0
144376, 96.0
144379, 96.0
144412, 96.0
144429, 96.0
144877, 93.0
144880, 92.0
144914, 93.0
144930, 93.0
145378, 96.0
145381, 96.0
145415, 95.0
145431, 95.0
145879, 94.0
145882, 94.0
145915, 94.0
145932, 94.0
146380, 95.0
146383, 95.0
146416, 95.0
146433, 95.0
146881, 94.0
146885, 94.0
146917, 94.0
146934, 93.0
147382, 94.0
147386, 93.0
147419, 93.0
147435, 94.0
147883, 94.0
147887, 94.0
147920, 94.0
147936, 94.0
148384, 93.0
148388, 93.0
148424, 93.0
148438, 93.0
148886, 95.0
148889, 95.0
148925, 95.0
148939, 95.0
149387, 96.0
149391, 96.0
149427, 96.0
149440, 96.0
149888, 93.0
149891, 93.0
149928, 93.0
149941, 93.0
150390, 96.0
150392, 96.0
150429, 96.0
150442, 96.0
150890, 94.0
150894, 94.0
150930, 94.0
150943, 94.0
151390, 96.0
151394, 95.0
151431, 96.0
151444, 95.0
151891, 94.0
151895, 95.0
151931, 95.0
151945, 95.0
152392, 95.0
152396, 95.0
152432, 95.0
152446, 95.0
152893, 94.0
152898, 94.0
152933, 94.0
152947, 94.0
153394, 95.0
153399, 96.0
153434, 96.0
153447, 96.0
153895, 97.0
153900, 96.0
153935, 96.0
153948, 96.0
154396, 95.0
154402, 95.0
154435, 94.0
154448, 94.0
154897, 94.0
154903, 94.0
154936, 94.0
154949, 94.0
155398, 94.0
155405, 94.0
155437, 94.0
155451, 94.0
155900, 95.0
155906, 95.0
155938, 95.0
155952, 95.0
156400, 94.0
156406, 94.0
156439, 94.0
156453, 94.0
156901, 93.0
156908, 93.0
156940, 93.0
156955, 93.0
157402, 94.0
157409, 94.0
157441, 93.0
157455, 93.0
157904, 94.0
157910, 94.0
157942, 94.0
157956, 94.0
158404, 96.0
158411, 96.0
158442, 96.0
158457, 96.0
158905, 96.0
158913, 95.0
158943, 96.0
158958, 95.0
159406, 96.0
159413, 96.0
159444, 96.0
159460, 96.0
159908, 97.0
159914, 96.0
159945, 97.0
159961, 97.0
160408, 95.0
160415, 95.0
160446, 95.0
160462, 95.0
160910, 96.0
160916, 96.0
160947, 95.0
160963, 95.0
161411, 95.0
161417, 95.0
161447, 96.0
161464, 96.0
161911, 94.0
161918, 94.0
161949, 93.0
161965, 94.0
162413, 94.0
162419, 94.0
162450, 94.0
162466, 93.0
162913, 94.0
162920, 94.0
162951, 94.0
162967, 94.0
163414, 96.0
163421, 96.0
163452, 95.0
163468, 95.0
163915, 93.0
163922, 93.0
163953, 94.0
163970, 94.0
164415, 95.0
164423, 95.0
164454, 94.0
164471, 94.0
164916, 95.0
164924, 96.0
164956, 96.0
164972, 96.0
165416, 96.0
165425, 96.0
165457, 95.0
165472, 96.0
165917, 94.0
165926, 94.0
165958, 94.0
165973, 94.0
166418, 95.0
166427, 95.0
166460, 95.0
166475, 95.0
166920, 95.0
166933, 96.0
166960, 95.0
166976, 95.0
167420, 95.0
167434, 94.0
167461, 94.0
167477, 95.0
167922, 94.0
167935, 94.0
167962, 95.0
167979, 94.0
168423, 95.0
168436, 95.0
168481, 95.0
168485, 95.0
168924, 92.0
168937, 92.0
168982, 91.0
168987, 91.0
169425, 93.0
169438, 93.0
169483, 93.0
169488, 93.0
169926, 93.0
169939, 93.0
169984, 93.0
169989, 93.0
170427, 93.0
170440, 93.0
170485, 93.0
170490, 93.0
170929, 95.0
170941, 95.0
170986, 95.0
170991, 95.0
171430, 94.0
171443, 94.0
171486, 94.0
171492, 94.0
171931, 93.0
171944, 94.0
171987, 94.0
171992, 94.0
172432, 96.0
172445, 96.0
172488, 96.0
172493, 96.0
172933, 95.0
172947, 95.0
172988, 94.0
172994, 94.0
173434, 93.0
173447, 93.0
173489, 94.0
173495, 94.0
173934, 94.0
173948, 94.0
173989, 95.0
173996, 95.0
174436, 96.0
174449, 96.0
174491, 96.0
174497, 95.0
174937, 91.0
174950, 91.0
174991, 90.0
174998, 90.0
175438, 94.0
175453, 94.0
175492, 94.0
175500, 94.0
175939, 94.0
175955, 94.0
175993, 94.0
176001, 95.0
176440, 94.0
176456, 94.0
176494, 94.0
176502, 95.0
176940, 96.0
176957, 96.0
176995, 96.0
177004, 96.0
177441, 96.0
177458, 95.0
177496, 95.0
177504, 95.0
177942, 95.0
177960, 96.0
177997, 96.0
178005, 96.0
178443, 94.0
178461, 94.0
178498, 94.0
178506, 93.0
178944, 93.0
178962, 93.0
178998, 93.0
179007, 94.0
179445, 95.0
179462, 96.0
179499, 96.0
179508, 96.0
179945, 96.0
179963, 96.0
180000, 96.0
180010, 96.0
180446, 95.0
180464, 95.0
180501, 95.0
180510, 94.0
180946, 92.0
180964, 92.0
181002, 92.0
181011, 92.0
181448, 94.0
181466, 94.0
181503, 94.0
181512, 94.0
181949, 95.0
181967, 95.0
182004, 95.0
182013, 95.0
182450, 95.0
182468, 95.0
182506, 94.0
182514, 94.0
182951, 94.0
182970, 94.0
183007, 95.0
183015, 95.0
183452, 96.0
183470, 95.0
183508, 95.0
183516, 95.0
183953, 95.0
183971, 94.0
184009, 94.0
184017, 94.0
184455, 96.0
184473, 96.0
184509, 96.0
184519, 96.0
184956, 95.0
184974, 95.0
185011, 95.0
185019, 95.0
185456, 94.0
185474, 94.0
185512, 94.0
185520, 95.0
185957, 95.0
185975, 95.0
186013, 95.0
186021, 95.0
186458, 96.0
186480, 97.0
186514, 96.0
186521, 96.0
186958, 94.0
186982, 94.0
187015, 94.0
187022, 94.0
187460, 96.0
187483, 96.0
187516, 96.0
187523, 96.0
187960, 95.0
187983, 95.0
188017, 95.0
188023, 95.0
188461, 95.0
188484, 95.0
188517, 95.0
188525, 94.0
188962, 94.0
188986, 93.0
189018, 94.0
189026, 94.0
189463, 95.0
189486, 95.0
189520, 95.0
189527, 95.0
189964, 95.0
189987, 95.0
190021, 95.0
190028, 95.0
190466, 94.0
190488, 94.0
190522, 94.0
190529, 94.0
190967, 94.0
190989, 94.0
191024, 94.0
191030, 94.0
191468, 93.0
191490, 94.0
191525, 94.0
191531, 94.0
191969, 96.0
191990, 96.0
192027, 96.0
192032, 96.0
192471, 96.0
192491, 96.0
192528, 96.0
192533, 96.0
192971, 94.0
192992, 94.0
193030, 94.0
193035, 94.0
193473, 96.0
193493, 96.0
193530, 96.0
193535, 96.0
193974, 96.0
193993, 96.0
194031, 96.0
194036, 96.0
194474, 95.0
194494, 95.0
194532, 95.0
194536, 95.0
194981, 96.0
194995, 96.0
195032, 96.0
195037, 96.0
195482, 95.0
195496, 95.0
195533, 95.0
195539, 95.0
195983, 95.0
195997, 95.0
196034, 95.0
196040, 95.0
196483, 95.0
196499, 96.0
196535, 96.0
196541, 96.0
196985, 96.0
196999, 95.0
197036, 95.0
197042, 96.0
197486, 96.0
197499, 96.0
197537, 96.0
197545, 96.0
197987, 95.0
198001, 95.0
198038, 95.0
198046, 95.0
198488, 94.0
198503, 94.0
198539, 95.0
198546, 95.0
198988, 92.0
199003, 93.0
199040, 92.0
199053, 92.0
199489, 95.0
199505, 94.0
199541, 94.0
199555, 94.0
199990, 95.0
200006, 95.0
200042, 95.0
200055, 95.0
200491, 95.0
200507, 95.0
200542, 95.0
200556, 95.0
200992, 95.0
201008, 95.0
201043, 94.0
201057, 94.0
201492, 94.0
201509, 94.0
201544, 94.0
201558, 95.0
201997, 95.0
202012, 95.0
202045, 95.0
202058, 95.0
202499, 94.0
202513, 94.0
202546, 94.0
202561, 95.0
202999, 93.0
203014, 93.0
203047, 94.0
203062, 94.0
203500, 93.0
203515, 93.0
203548, 92.0
203563, 92.0
204000, 93.0
204017, 93.0
204049, 93.0
204065, 93.0
204501, 94.0
204518, 94.0
204550, 95.0
204567, 95.0
205003, 95.0
205018, 95.0
205050, 95.0
205069, 95.0
205503, 95.0
205520, 95.0
205552, 95.0
205569, 95.0
206005, 97.0
206020, 97.0
206052, 96.0
206070, 96.0
206506, 94.0
206522, 94.0
206553, 94.0
206571, 94.0
207007, 95.0
207023, 95.0
207054, 95.0
207072, 95.0
207508, 94.0
207524, 94.0
207554, 95.0
207573, 95.0
208009, 95.0
208025, 94.0
208055, 94.0
208075, 94.0
208510, 95.0
208526, 95.0
208556, 95.0
208576, 94.0
209011, 93.0
209027, 93.0
209057, 94.0
209081, 94.0
209512, 93.0
209528, 93.0
209558, 94.0
209582, 93.0
210013, 94.0
210029, 94.0
210059, 93.0
210083, 94.0
210514, 94.0
210530, 95.0
210560, 95.0
210584, 94.0
211014, 93.0
211031, 94.0
211061, 94.0
211085, 94.0
211515, 95.0
211533, 95.0
211562, 95.0
211585, 94.0
212016, 95.0
212034, 95.0
212063, 94.0
212085, 95.0
212517, 94.0
212535, 94.0
212565, 94.0
212586, 94.0
213018, 95.0
213036, 95.0
213065, 95.0
213087, 94.0
213520, 94.0
213537, 93.0
213566, 93.0
213588, 94.0
214020, 94.0
214039, 95.0
214067, 95.0
214089, 95.0
214521, 94.0
214539, 94.0
214568, 94.0
214590, 94.0
215025, 93.0
215040, 93.0
215069, 93.0
215090, 93.0
215528, 94.0
215541, 94.0
215570, 94.0
215593, 94.0
216028, 94.0
216042, 94.0
216071, 95.0
216094, 94.0
216529, 94.0
216543, 94.0
216571, 94.0
216595, 94.0
217030, 96.0
217044, 96.0
217072, 96.0
217096, 96.0
217531, 96.0
217545, 96.0
217573, 96.0
217596, 96.0
218032, 95.0
218046, 95.0
218074, 95.0
218097, 96.0
218534, 96.0
218547, 96.0
218575, 96.0
218599, 95.0
219034, 94.0
219048, 94.0
219076, 94.0
219100, 94.0
219534, 96.0
219549, 96.0
219577, 96.0
219601, 95.0
220035, 94.0
220050, 94.0
220077, 94.0
220101, 95.0
220536, 97.0
220551, 97.0
220578, 96.0
220603, 96.0
221045, 94.0
221053, 94.0
221079, 94.0
221104, 94.0
221546, 94.0
221554, 94.0
221580, 94.0
221605, 94.0
222047, 95.0
222054, 95.0
222081, 95.0
222106, 95.0
222548, 96.0
222556, 95.0
222582, 95.0
222606, 95.0
223049, 93.0
223057, 94.0
223083, 93.0
223107, 94.0
223550, 93.0
223559, 93.0
223585, 93.0
223608, 93.0
224051, 96.0
224060, 96.0
224085, 96.0
224109, 95.0
224553, 93.0
224561, 93.0
224586, 93.0
224610, 94.0
225054, 94.0
225061, 94.0
225087, 94.0
225111, 94.0
225555, 95.0
225563, 95.0
225589, 95.0
225612, 95.0
226057, 93.0
226064, 94.0
226090, 94.0
226112, 93.0
226558, 96.0
226564, 95.0
226591, 95.0
226614, 96.0
227060, 94.0
227065, 94.0
227092, 94.0
227114, 94.0
227561, 93.0
227569, 93.0
227597, 93.0
227615, 93.0
228062, 95.0
228070, 95.0
228104, 95.0
228116, 95.0
228563, 96.0
228573, 96.0
228605, 96.0
228617, 96.0
229064, 94.0
229075, 94.0
229106, 93.0
229118, 93.0
229565, 95.0
229575, 95.0
229607, 96.0
229625, 96.0
230073, 96.0
230077, 96.0
230107, 96.0
230126, 95.0
230575, 93.0
230578, 93.0
230608, 93.0
230627, 93.0
231076, 96.0
231079, 96.0
231113, 96.0
231128, 96.0
231577, 97.0
231580, 97.0
231615, 97.0
231629, 97.0
232078, 95.0
232081, 95.0
232115, 94.0
232130, 95.0
232580, 92.0
232582, 93.0
232616, 93.0
232631, 93.0
233082, 97.0
233083, 96.0
233117, 96.0
233132, 96.0
233583, 95.0
233619, 95.0
233633, 95.0
234083, 96.0
234084, 96.0
234120, 96.0
234134, 96.0
234585, 92.0
234586, 92.0
234621, 92.0
234635, 92.0
235086, 95.0
235123, 95.0
235136, 96.0
235587, 94.0
235624, 94.0
235638, 94.0
236088, 95.0
236089, 95.0
236125, 94.0
236138, 94.0
236589, 94.0
236627, 94.0
236640, 95.0
237091, 96.0
237105, 97.0
237128, 97.0
237140, 96.0
237592, 94.0
237606, 94.0
237628, 94.0
237641, 94.0
238093, 94.0
238107, 94.0
238129, 94.0
238142, 94.0
238594, 95.0
238608, 94.0
238631, 94.0
238643, 94.0
239095, 95.0
239109, 95.0
239131, 95.0
239144, 94.0
239596, 95.0
239610, 96.0
239632, 96.0
239645, 96.0
240097, 95.0
240111, 95.0
240133, 94.0
240147, 94.0
240598, 93.0
240612, 94.0
240634, 94.0
240648, 94.0
241100, 93.0
241113, 93.0
241135, 93.0
241149, 93.0
241600, 93.0
241613, 94.0
241636, 93.0
241653, 93.0
242101, 95.0
242114, 95.0
242137, 95.0
242154, 95.0
242609, 93.0
242615, 93.0
242638, 93.0
242655, 93.0
243110, 90.0
243116, 90.0
243139, 90.0
243155, 89.0
243611, 89.0
243617, 89.0
243640, 89.0
243656, 89.0
244112, 85.0
244118, 85.0
244141, 85.0
244157, 86.0
244613, 95.0
244619, 95.0
244643, 95.0
244658, 95.0
245114, 95.0
245120, 95.0
245144, 94.0
245158, 94.0
245614, 93.0
245621, 93.0
245645, 93.0
245660, 93.0
246114, 91.0
246122, 91.0
246146, 91.0
246161, 91.0
246616, 95.0
246623, 95.0
246646, 95.0
246662, 95.0
247117, 92.0
247124, 92.0
247147, 92.0
247163, 92.0
247618, 94.0
247624, 94.0
247648, 94.0
247664, 94.0
248119, 94.0
248126, 94.0
248149, 94.0
248165, 94.0
248620, 95.0
248627, 95.0
248650, 95.0
248666, 95.0
249122, 93.0
249127, 93.0
249151, 93.0
249166, 93.0
249622, 95.0
249628, 95.0
249652, 95.0
249667, 95.0
250124, 94.0
250129, 94.0
250153, 94.0
250168, 94.0
250625, 93.0
250630, 93.0
250653, 93.0
250670, 93.0
251129, 94.0
251130, 94.0
251154, 94.0
251170, 94.0
251630, 95.0
251631, 95.0
251656, 95.0
251671, 95.0
252131, 92.0
252132, 92.0
252157, 92.0
252172, 92.0
252632, 92.0
252633, 92.0
252658, 92.0
252673, 91.0
253134, 95.0
253160, 95.0
253174, 96.0
253635, 94.0
253660, 94.0
253675, 94.0
254136, 95.0
254161, 95.0
254176, 95.0
254636, 95.0
254637, 95.0
254662, 95.0
254677, 95.0
255137, 94.0
255138, 94.0
255162, 94.0
255177, 94.0
255638, 95.0
255639, 95.0
255663, 95.0
255679, 95.0
256139, 96.0
256140, 96.0
256164, 96.0
256179, 96.0
256640, 96.0
256641, 96.0
256665, 96.0
256680, 96.0
257141, 95.0
257142, 95.0
257166, 95.0
257181, 95.0
257641, 95.0
257643, 95.0
257666, 94.0
257682, 95.0
258142, 96.0
258144, 96.0
258170, 96.0
258182, 96.0
258643, 95.0
258645, 95.0
258671, 95.0
258683, 94.0
259144, 93.0
259146, 93.0
259172, 93.0
259184, 94.0
259645, 94.0
259647, 93.0
259672, 94.0
259684, 93.0
260146, 94.0
260148, 94.0
260174, 95.0
260186, 95.0
260647, 96.0
260649, 97.0
260675, 96.0
260686, 96.0
261148, 94.0
261150, 94.0
261176, 93.0
261188, 93.0
261649, 95.0
261651, 94.0
261676, 95.0
261689, 95.0
262150, 96.0
262152, 96.0
262178, 96.0
262190, 96.0
262652, 95.0
262653, 95.0
262679, 95.0
262691, 95.0
263153, 95.0
263154, 95.0
263180, 95.0
263192, 95.0
263654, 94.0
263656, 94.0
263681, 93.0
263693, 94.0
264155, 94.0
264157, 94.0
264181, 95.0
264195, 94.0
264656, 96.0
264658, 96.0
264688, 96.0
264695, 95.0
265157, 95.0
265159, 95.0
265189, 94.0
265197, 95.0
265659, 96.0
265660, 96.0
265693, 96.0
265700, 96.0
266160, 94.0
266195, 95.0
266201, 95.0
266661, 93.5
266695, 94.0
266702, 94.0
267162, 95.0
267163, 95.0
267196, 95.0
267203, 95.0
267663, 95.0
267664, 95.0
267697, 95.0
267703, 95.0
268164, 95.0
268165, 96.0
268198, 95.0
268204, 95.0
268665, 95.0
268667, 95.0
268699, 95.0
268705, 95.0
269166, 95.0
269168, 95.0
269199, 95.0
269206, 95.0
269667, 96.0
269669, 96.0
269701, 96.0
269706, 96.0
270168, 95.0
270170, 95.0
270201, 95.0
270207, 95.0
270668, 96.0
270671, 96.0
270702, 95.0
270708, 95.0
271169, 96.0
271173, 95.0
271203, 96.0
271210, 96.0
271670, 95.0
271673, 95.0
271705, 95.0
271711, 95.0
272170, 96.0
272174, 96.0
272206, 96.0
272212, 96.0
272672, 96.0
272674, 97.0
272707, 96.0
272713, 97.0
273173, 95.0
273175, 95.0
273208, 95.0
273214, 95.0
273674, 96.0
273676, 96.0
273708, 96.0
273714, 96.0
274174, 93.0
274178, 93.0
274210, 93.0
274216, 93.0
274675, 94.0
274679, 94.0
274710, 94.0
274716, 94.0
275177, 94.0
275180, 94.0
275211, 94.0
275218, 94.0
275678, 94.0
275681, 94.0
275712, 94.0
275719, 94.0
276178, 94.0
276183, 94.0
276213, 94.0
276220, 94.0
276681, 94.0
276685, 93.0
276714, 93.0
276720, 93.0
277182, 95.0
277186, 95.0
277215, 95.0
277222, 95.0
277682, 96.0
277686, 96.0
277716, 96.0
277723, 96.0
278183, 94.0
278187, 94.0
278218, 94.0
278224, 94.0
278683, 94.0
278687, 94.0
278718, 94.0
278724, 94.0
279184, 95.0
279188, 95.0
279219, 95.0
279225, 95.0
279686, 94.0
279689, 94.0
279720, 93.0
279725, 94.0
280187, 95.0
280190, 95.0
280221, 95.0
280226, 95.0
280689, 94.0
280691, 94.0
280722, 94.0
280727, 94.0
281190, 95.0
281191, 94.0
281223, 94.0
281228, 94.0
281691, 93.0
281693, 93.0
281724, 94.0
281729, 94.0
282192, 95.0
282194, 95.0
282225, 95.0
282230, 95.0
282693, 92.0
282695, 92.0
282726, 92.0
282734, 92.0
283193, 91.0
283196, 91.0
283233, 91.0
283236, 91.0
283695, 93.0
283697, 93.0
283734, 94.0
283737, 94.0
284196, 94.0
284198, 94.0
284235, 94.0
284238, 94.0
284697, 95.0
284698, 95.0
284736, 95.0
284739, 95.0
285198, 94.0
285199, 94.0
285237, 94.0
285240, 94.0
285699, 97.0
285705, 97.0
285738, 97.0
285741, 97.0
286199, 94.0
286206, 94.0
286239, 95.0
286242, 95.0
286700, 95.0
286708, 95.0
286739, 95.0
286743, 95.0
287201, 94.0
287208, 94.0
287240, 94.0
287244, 94.0
287702, 93.0
287709, 93.0
287741, 92.0
287745, 92.0
288203, 95.0
288210, 95.0
288243, 95.0
288246, 95.0
288704, 93.0
288711, 93.0
288744, 93.0
288746, 93.0
289204, 94.0
289212, 94.0
289244, 94.0
289248, 94.0
289705, 95.0
289713, 95.0
289746, 94.0
289749, 94.0
290206, 94.0
290215, 94.0
290247, 94.0
290250, 94.0
290707, 94.0
290716, 94.0
290748, 94.0
290751, 94.0
291208, 95.0
291217, 95.0
291250, 95.0
291253, 95.0
291709, 94.0
291718, 94.0
291752, 95.0
291754, 95.0
292209, 95.0
292220, 95.0
292252, 95.0
292257, 95.0
292710, 95.0
292722, 95.0
292753, 96.0
292758, 95.0
293211, 93.0
293226, 93.0
293259, 93.0
293712, 94.0
293727, 93.0
293759, 93.0
293761, 93.0
294212, 94.0
294229, 94.0
294260, 94.0
294261, 94.0
294713, 93.0
294730, 93.0
294762, 93.0
295214, 94.0
295232, 94.0
295263, 95.0
295266, 95.0
295715, 95.0
295733, 95.0
295765, 95.0
295767, 95.0
296216, 95.0
296234, 95.0
296265, 95.0
296267, 94.0
296717, 96.0
296736, 96.0
296768, 95.0
296769, 95.0
297218, 94.0
297236, 93.0
297270, 94.0
297719, 94.0
297738, 95.0
297770, 95.0
297771, 95.0
298220, 95.0
298240, 95.0
298271, 95.0
298274, 95.0
298721, 95.0
298741, 95.0
298772, 95.0
298781, 95.0
299221, 95.0
299242, 94.0
299273, 94.0
299281, 94.0
299722, 94.0
299743, 93.0
299774, 93.0
299783, 93.0
300223, 95.0
300244, 95.0
300276, 95.0
300285, 95.0
300723, 95.0
300745, 95.0
300777, 95.0
300785, 95.0
301225, 95.0
301246, 95.0
301278, 96.0
301286, 96.0
301725, 93.0
301747, 93.0
301779, 92.0
301787, 92.0
302226, 93.0
302248, 93.0
302280, 93.0
302288, 93.0
302728, 94.0
302753, 94.0
302781, 94.0
302789, 94.0
303229, 91.0
303254, 90.0
303282, 91.0
303290, 90.0
303730, 94.0
303755, 93.0
303783, 93.0
303791, 93.0
304232, 95.0
304256, 96.0
304283, 96.0
304291, 96.0
304732, 96.0
304757, 96.0
304784, 95.0
304793, 96.0
305234, 96.0
305258, 96.0
305285, 96.0
305294, 96.0
305735, 96.0
305758, 95.0
305789, 96.0
305795, 96.0
306236, 94.0
306260, 95.0
306291, 95.0
306296, 95.0
306738, 95.0
306761, 95.0
306792, 95.0
306797, 95.0
307239, 95.0
307261, 95.0
307294, 95.0
307298, 95.0
307741, 95.0
307763, 95.0
307796, 95.0
307799, 95.0
308243, 95.0
308263, 95.0
308297, 95.0
308300, 95.0
308744, 95.0
308765, 95.0
308802, 96.0
308809, 96.0
309246, 94.0
309267, 93.0
309302, 93.0
309311, 93.0
309747, 93.0
309767, 94.0
309803, 94.0
309812, 94.0
310248, 96.0
310268, 95.0
310304, 95.0
310313, 95.0
310749, 94.0
310769, 94.0
310805, 94.0
310814, 93.0
311250, 93.0
311270, 94.0
311306, 94.0
311315, 94.0
311751, 95.0
311771, 94.0
311808, 95.0
311815, 95.0
312252, 94.0
312272, 94.0
312308, 94.0
312317, 94.0
312753, 95.0
312773, 94.0
312809, 94.0
312817, 94.0
313254, 93.0
313274, 93.0
313312, 93.0
313318, 93.0
313755, 94.0
313774, 94.0
313813, 94.0
313819, 94.0
314256, 92.0
314275, 92.0
314314, 92.0
314320, 92.0
314757, 94.0
314777, 94.0
314815, 94.0
314821, 94.0
315258, 95.0
315278, 94.0
315316, 93.0
315322, 94.0
315759, 94.0
315778, 95.0
315817, 95.0
315824, 95.0
316260, 94.0
316280, 94.0
316318, 94.0
316325, 94.0
316761, 96.0
316781, 96.0
316819, 96.0
316825, 96.0
317261, 97.0
317282, 96.0
317320, 96.0
317326, 96.0
317762, 94.0
317782, 94.0
317822, 95.0
317827, 94.0
318266, 95.0
318284, 95.0
318323, 95.0
318328, 95.0
318767, 95.0
318786, 95.0
318823, 95.0
318829, 95.0
319269, 95.0
319287, 96.0
319324, 95.0
319330, 95.0
319770, 95.0
319788, 95.0
319829, 95.0
319830, 95.0
320271, 97.0
320289, 96.0
320330, 96.0
320331, 96.0
320771, 95.0
320790, 95.0
320832, 95.0
321272, 96.0
321291, 96.0
321333, 96.0
321773, 96.0
321792, 96.0
321833, 96.0
321834, 96.0
322274, 96.0
322293, 96.0
322335, 96.0
322337, 96.0
322776, 95.0
322794, 95.0
322840, 95.0
322841, 95.0
323276, 94.0
323295, 94.0
323341, 94.0
323342, 94.0
323776, 94.0
323796, 94.0
323841, 94.0
323842, 94.0
324277, 94.0
324297, 94.0
324342, 94.0
324778, 94.0
324799, 94.0
324843, 94.0
325279, 95.0
325300, 95.0
325343, 95.0
325344, 95.0
325781, 96.0
325801, 96.0
325844, 95.0
325846, 95.0
326282, 94.0
326303, 94.0
326346, 94.0
326783, 93.0
326804, 93.0
326846, 93.0
326847, 93.0
327284, 92.0
327304, 92.0
327348, 92.0
327349, 92.0
327785, 94.0
327809, 94.0
327848, 94.0
327849, 94.0
328287, 94.0
328310, 94.0
328349, 94.0
328350, 94.0
328788, 93.0
328813, 93.0
328850, 93.0
328851, 93.0
329289, 93.0
329315, 94.0
329351, 94.0
329352, 94.0
329790, 95.0
329815, 94.0
329852, 94.0
329853, 94.0
330291, 94.0
330317, 95.0
330353, 95.0
330354, 95.0
330792, 93.0
330817, 93.0
330854, 93.0
330855, 93.0
331294, 95.0
331319, 95.0
331355, 94.0
331356, 94.0
331797, 94.0
331820, 94.0
331856, 95.0
331858, 95.0
332298, 95.0
332321, 95.0
332356, 94.0
332359, 94.0
332799, 94.0
332822, 94.0
332856, 95.0
332860, 95.0
333300, 95.0
333324, 94.0
333357, 93.0
333361, 93.0
333801, 94.0
333825, 94.0
333858, 95.0
333862, 95.0
334302, 94.0
334325, 94.0
334359, 94.0
334363, 94.0
334803, 93.0
334826, 94.0
334861, 93.0
334864, 93.0
335304, 93.0
335327, 93.0
335362, 93.0
335365, 93.0
335805, 93.0
335829, 93.0
335863, 94.0
335867, 94.0
336306, 93.0
336329, 92.0
336365, 92.0
336368, 92.0
336807, 95.0
336831, 95.0
336867, 95.0
336869, 95.0
337308, 96.0
337332, 96.0
337367, 96.0
337370, 97.0
337809, 95.0
337834, 96.0
337868, 95.0
337870, 95.0
338309, 94.0
338334, 94.0
338370, 94.0
338371, 94.0
338810, 92.0
338835, 92.0
338873, 92.0
338874, 92.0
339311, 93.0
339336, 93.0
339374, 93.0
339375, 93.0
339812, 94.0
339837, 94.0
339875, 94.0
339876, 94.0
340313, 93.0
340340, 93.0
340377, 93.0
340814, 95.0
340842, 95.0
340877, 95.0
341315, 91.0
341345, 91.0
341378, 91.0
341379, 91.0
341817, 93.0
341846, 94.0
341879, 93.0
341880, 93.0
342318, 93.0
342352, 93.0
342380, 93.0
342381, 93.0
342820, 95.0
342852, 95.0
342881, 95.0
343321, 96.0
343354, 96.0
343382, 96.0
343822, 97.0
343854, 97.0
343882, 96.0
343885, 96.0
344323, 94.0
344356, 94.0
344384, 94.0
344386, 94.0
344823, 94.0
344857, 94.0
344885, 94.0
344887, 94.0
345325, 94.0
345357, 94.0
345386, 95.0
345388, 95.0
345826, 95.0
345858, 94.0
345887, 95.0
345889, 95.0
346326, 94.0
346359, 94.0
346388, 94.0
346390, 94.0
346827, 95.0
346860, 95.0
346889, 95.0
346892, 95.0
347328, 94.0
347361, 95.0
347391, 95.0
347392, 95.0
347828, 94.0
347861, 94.0
347891, 94.0
347893, 94.0
348330, 95.0
348363, 95.0
348392, 95.0
348394, 95.0
348831, 95.0
348863, 94.0
348894, 95.0
348895, 95.0
349331, 96.0
349365, 97.0
349394, 96.0
349395, 96.0
349832, 95.0
349865, 95.0
349896, 95.0
350333, 93.0
350366, 94.0
350396, 93.0
350397, 94.0
350835, 91.0
350867, 91.0
350898, 91.0
351335, 92.0
351368, 93.0
351399, 92.0
351400, 92.0
351836, 94.0
351869, 93.0
351900, 93.0
351901, 93.0
352337, 93.0
352370, 94.0
352402, 94.0
352404, 94.0
352838, 96.0
352871, 96.0
352903, 96.0
352906, 96.0
353341, 91.0
353371, 91.0
353405, 90.0
353407, 90.0
353842, 87.0
353872, 87.0
353906, 87.0
353908, 87.0
354343, 88.0
354373, 88.0
354407, 89.0
354409, 89.0
354845, 95.0
354873, 95.0
354908, 95.0
354910, 95.0
355346, 95.0
355375, 95.0
355409, 95.0
355412, 95.0
355847, 94.0
355876, 94.0
355911, 94.0
355913, 94.0
356347, 93.0
356377, 94.0
356411, 93.0
356414, 94.0
356849, 93.0
356881, 93.0
356915, 93.0
357350, 93.0
357383, 93.0
357416, 94.0
357417, 94.0
357851, 94.0
357884, 94.0
357916, 94.0
357918, 94.0
358352, 94.0
358384, 95.0
358418, 95.0
358419, 95.0
358853, 95.0
358886, 95.0
358919, 94.0
359354, 95.0
359386, 95.0
359421, 94.0
359423, 94.0
359855, 92.0
359888, 91.0
359922, 92.0
359924, 92.0
360356, 95.0
360388, 95.0
360424, 95.0
360425, 95.0
360856, 94.0
360897, 94.0
360925, 94.0
360927, 94.0
361357, 95.0
361398, 95.0
361425, 96.0
361427, 96.0
361858, 94.0
361899, 94.0
361926, 94.0
361929, 94.0
362359, 93.0
362400, 93.0
362427, 93.0
362429, 93.0
362860, 94.0
362901, 94.0
362928, 94.0
362931, 94.0
363361, 94.0
363402, 94.0
363429, 94.0
363432, 94.0
363862, 94.0
363903, 94.0
363933, 94.0
364363, 93.0
364403, 94.0
364434, 94.0
364435, 94.0
364864, 95.0
364904, 95.0
364935, 95.0
364936, 95.0
365365, 95.0
365406, 94.0
365436, 94.0
365437, 94.0
365866, 93.0
365907, 93.0
365937, 94.0
365939, 94.0
366368, 95.0
366408, 94.0
366438, 94.0
366439, 94.0
366869, 94.0
366909, 93.0
366940, 93.0
367369, 93.0
367410, 94.0
367441, 94.0
367870, 95.0
367912, 95.0
367945, 95.0
367946, 95.0
368371, 96.0
368412, 96.0
368446, 96.0
368872, 94.0
368913, 94.0
368946, 94.0
368947, 94.0
369373, 95.0
369414, 96.0
369447, 96.0
369448, 96.0
369873, 94.0
369915, 94.0
369947, 94.0
369949, 94.0
370374, 94.0
370420, 94.0
370448, 94.0
370450, 94.0
370875, 94.0
370920, 94.0
370948, 94.0
370951, 94.0
371375, 94.0
371421, 94.0
371450, 94.0
371452, 94.0
371876, 94.0
371922, 95.0
371951, 94.0
371953, 94.0
372377, 93.0
372423, 93.0
372451, 94.0
372454, 94.0
372878, 92.0
372925, 92.0
372952, 92.0
372955, 92.0
373379, 94.0
373427, 94.0
373454, 94.0
373455, 94.0
373880, 93.0
373927, 93.0
373955, 93.0
373956, 93.0
374381, 93.0
374428, 93.0
374456, 93.0
374457, 93.0
374881, 93.0
374929, 92.0
374957, 93.0
375382, 94.0
375430, 94.0
375458, 94.0
375459, 94.0
375882, 94.0
375930, 94.0
375959, 94.0
375960, 94.0
376384, 95.0
376431, 94.0
376461, 94.0
376885, 94.0
376932, 94.0
376962, 95.0
377386, 93.0
377433, 93.0
377463, 93.0
377887, 95.0
377934, 95.0
377964, 95.0
377965, 95.0
378388, 96.0
378435, 96.0
378464, 96.0
378466, 96.0
378890, 95.0
378938, 94.0
378965, 94.0
378967, 94.0
379390, 93.0
379439, 93.0
379466, 93.0
379469, 93.0
379891, 96.0
379940, 96.0
379967, 96.0
379969, 96.0
380392, 95.0
380441, 94.0
380468, 94.0
380473, 95.0
380893, 94.0
380942, 94.0
380968, 94.0
380974, 94.0
381394, 95.0
381443, 95.0
381469, 95.0
381475, 95.0
381895, 95.0
381949, 95.0
381971, 95.0
381976, 95.0
382397, 95.0
382450, 95.0
382472, 95.0
382477, 95.0
382898, 96.0
382952, 96.0
382973, 96.0
382985, 96.0
383399, 96.0
383452, 96.0
383474, 97.0
383486, 96.0
383900, 95.0
383954, 95.0
383975, 95.0
383987, 95.0
384401, 95.0
384455, 94.0
384476, 94.0
384488, 95.0
384903, 80.0
384956, 79.0
384977, 79.0
384989, 79.0
385404, 93.0
385457, 94.0
385477, 94.0
385489, 94.0
385905, 92.0
385959, 91.0
385979, 91.0
385993, 90.0
386405, 74.0
386461, 73.0
386479, 73.0
386495, 73.0
386906, 78.0
386961, 78.0
386980, 77.0
386996, 77.0
387412, 84.0
387462, 85.0
387481, 86.0
387497, 87.0
387913, 94.0
387962, 94.0
387981, 94.0
388005, 94.0
388414, 93.0
